-- phpMyAdmin SQL Dump
-- version 5.1.1
-- https://www.phpmyadmin.net/
--
-- Host: 127.0.0.1
-- Generation Time: Aug 27, 2022 at 07:12 PM
-- Server version: 10.4.20-MariaDB
-- PHP Version: 7.4.22

SET SQL_MODE = "NO_AUTO_VALUE_ON_ZERO";
START TRANSACTION;
SET time_zone = "+00:00";


/*!40101 SET @OLD_CHARACTER_SET_CLIENT=@@CHARACTER_SET_CLIENT */;
/*!40101 SET @OLD_CHARACTER_SET_RESULTS=@@CHARACTER_SET_RESULTS */;
/*!40101 SET @OLD_COLLATION_CONNECTION=@@COLLATION_CONNECTION */;
/*!40101 SET NAMES utf8mb4 */;

--
-- Database: `rest_api`
--

-- --------------------------------------------------------

--
-- Table structure for table `barang`
--

CREATE TABLE `barang` (
  `idbarang` varchar(20) NOT NULL DEFAULT '',
  `nm_barang` varchar(35) DEFAULT NULL,
  `hrg_modal` int(10) DEFAULT 0,
  `hrg_satuan` int(10) DEFAULT 0,
  `stok` int(6) DEFAULT 0,
  `idkategori` int(3) NOT NULL
) ENGINE=MyISAM DEFAULT CHARSET=latin1;

--
-- Dumping data for table `barang`
--

INSERT INTO `barang` (`idbarang`, `nm_barang`, `hrg_modal`, `hrg_satuan`, `stok`, `idkategori`) VALUES
('8990001001001', 'Kapur putih', 3000, 6000, 500, 12),
('8990001001002', 'Semen Holchim @ 50 kg', 58587, 62000, 100, 1),
('8990001001003', 'Semen Holchim @ kg', 1200, 2000, 0, 1),
('8990001001004', 'Semen Keramik HK @ 1 kg', 3500, 6000, 47, 1),
('8990001001005', 'Semen Keramik Sika @1 kg', 11048, 14000, 523, 1),
('8990001001007', 'Semen Padang @ gram', 1364, 2500, 97, 1),
('8990001001009', 'Semen Putih Dura @ 1 kg', 3053, 4000, 69, 1),
('8990001002001', 'Kayu 2 x 10', 9694, 12000, 194, 2),
('8990001002002', 'Kayu 3 x 5', 5609, 10000, 15, 2),
('8990001002003', 'Kayu 4 x 6', 11550, 14000, 133, 2),
('8990001002006', 'Kayu 6 x 12 sinso', 57600, 65000, 0, 2),
('8990001002007', 'Kayu Les 1 x 2 x 2', 2670, 4000, 582, 2),
('8990001003001', 'Batu Bata Jumbo', 460, 500, 0, 3),
('8990001003002', 'Kerikil @ m3', 160000, 190000, -3, 3),
('8990001003003', 'Pasir Cor @ m3', 130000, 175000, -3, 3),
('8990001003004', 'Pasir Pasang @ m3', 114997, 160000, 14, 3),
('8990001003005', 'Pasir Pasang @ 0,25 m3', 28500, 45000, 0, 3),
('8990001004001', 'Pipa Abu Abu 2 1/2\"', 26500, 30000, 1, 4),
('8990001004002', 'Pipa Abu Abu 3\" @cm', 74, 100, 290, 4),
('8990001004003', 'Pipa Abu Abu 3\"', 29500, 35000, 0, 4),
('8990001004004', 'Pipa Listrik Abu Abu @cm', 10, 15, 0, 4),
('8990001004005', 'Pipa Listrik Kuning 5/8\"', 8881, 12000, 126, 4),
('8990001004006', 'Pipa PVC 1 1/2\" Supra @cm', 69, 80, 200, 4),
('8990001004007', 'Pipa PVC 1 1/4\" @cm Vitalon/Pimas', 49, 100, 50, 4),
('8990001004008', 'Pipa PVC 1\" Champion @cm', 40, 70, 0, 4),
('8990001004009', 'Pipa PVC 1/2 \" Champion @cm', 32, 60, -130, 4),
('8990001004010', 'Pipa PVC 2 1/2\" Urano/Athena', 68367, 80000, 19, 4),
('8990001004011', 'Pipa PVC 2 1/2 x 5,7 m Champion', 124633, 145000, 64, 4),
('8990001004012', 'Pipa SCG aw 2 1/2\"', 161684, 175000, 0, 4),
('8990001004013', 'Pipa PVC 2 1/2\" SL @cm', 120, 140, 0, 4),
('8990001004014', 'Pipa PVC 2 1/2\" STm', 63190, 68000, 0, 4),
('8990001004015', 'Pipa PVC 2\" Champion @cm', 101, 150, 250, 4),
('8990001004016', 'Pipa PVC 2\" Pimas', 50200, 58000, 0, 4),
('8990001004017', 'Pipa PVC 2\" Pimas @cm', 89, 100, 0, 4),
('8990001004018', 'Pipa PVC 3 x 5,7 m Champion', 175901, 245000, 14, 4),
('8990001004019', 'Pipa PVC 3\" Pimas', 108000, 130000, 3, 4),
('8990001004020', 'Pipa PVC 3\" Urano/Pimas @cm', 183, 220, 100, 4),
('8990001004021', 'Pipa SCG aw 3\"', 228226, 250000, 1, 4),
('8990001004022', 'Pipa PVC 3/4\" Athena @cm', 26, 40, 0, 4),
('8990001004023', 'Pipa PVC 3/4\" Intilon @cm', 41, 50, 90, 4),
('8990001004024', 'Pipa PVC 3/4\" Supra @cm', 28, 40, 300, 4),
('8990001004025', 'Pipa PVC 4\" SL', 177650, 190000, 0, 4),
('8990001004026', 'Pipa PVC 4\" SL @cm', 325, 350, 0, 4),
('8990001004027', 'Pipa PVC 1 1/2\" Athena', 33000, 38000, 0, 4),
('8990001004028', 'Pipa 3/4\" Master/Athena', 16250, 22000, 41, 4),
('8990001004029', 'Pipa PVC 1 x 5,7 m Champion', 22680, 30000, 0, 4),
('8990001004030', 'Pipa PVC 1/2 x 5,7 m Champion', 21108, 27000, 42, 4),
('8990001004031', 'Pipa PVC 2 x 5,7 m Champion', 57780, 70000, 4, 4),
('8990001004032', 'Pipa PVC 3/4 x 5,7 m Champion', 27946, 32000, 44, 4),
('8990001004033', 'Pipa Listrik Champion C 5/8\" orange', 5060, 7000, 0, 4),
('8990001004034', 'Pipa PVC Citilon 3/4\"', 14450, 20000, 3, 4),
('8990001004035', 'Pipa Vitalon/Duta 3/4', 20250, 28000, 42, 4),
('8990001004036', 'Pipa PVC Intilon 1/2\"', 17000, 28000, 0, 4),
('8990001004037', 'Pipa PVC Intilon 3/4\"', 33600, 40000, 2, 4),
('8990001004038', 'Pipa PVC Listrik Abu Abu 5/8\"', 3700, 6000, 0, 4),
('8990001004039', 'Pipa PVC Pimas 1 1/4\"', 27000, 35000, 0, 4),
('8990001004040', 'Pipa SCG aw 1\"', 50198, 62000, 4, 4),
('8990001004041', 'Pipa SCG aw 1/2\" ', 27404, 38000, 23, 4),
('8990001004042', 'Pipa SCG aw 3/4\"', 37643, 48000, 1, 4),
('8990001004043', 'Pipa PVC Supra 1 1/2\"', 37500, 45000, 0, 4),
('8990001004044', 'Pipa PVC Supra 1/2\"', 11000, 15000, 0, 4),
('8990001004045', 'T Septic Tank Panjang', 17500, 20000, 7, 4),
('8990001004046', 'T Septic Tank Pendek', 8275, 13000, 14, 4),
('8990001004047', 'T Septic Tank Sedang', 7500, 12000, 6, 4),
('8990001004048', 'Talang Bulat @ 4 M', 47500, 58000, 0, 4),
('8990001005001', 'Amplas Ekaman 150 @cm', 149, 180, 7460, 5),
('8990001005002', 'Amplas Gerinda Camel/Flap disc @bh', 4976, 8000, 14, 5),
('8990001005003', 'Amplas Puma 240 @ mtr', 77, 100, 970, 5),
('8990001005004', 'Amplas Taiyo @Lbr', 1373, 3000, 610, 5),
('8990001005005', 'Amplas Crass/Taiyo/Euro/York @ cm', 55, 120, 19705, 5),
('8990001005006', 'Arang Karbon Modern/Makita', 1897, 5000, 57, 5),
('8990001005007', 'Bak Cat', 4663, 10000, 27, 5),
('8990001005008', 'Baliang Gali Tanah', 50000, 65000, 0, 5),
('8990001005009', 'Ban Dalam Gerobak Swallow', 15873, 23000, 80, 5),
('8990001005010', 'Ban Luar Alco', 18000, 28000, 0, 5),
('8990001005011', 'Ban luar Artco', 24500, 32000, 0, 5),
('8990001005012', 'Ban luar swallow', 30956, 38000, 11, 5),
('8990001005013', 'Batu Asah Gunung/Dayak sedang', 10000, 15000, 14, 5),
('8990001005014', 'Batu Asah Gunung Pdk/habis', 7500, 12000, 0, 5),
('8990001005015', 'Batu Asah Panda/Gunung Pjg', 12000, 20000, 8, 5),
('8990001005016', 'Batu Asah Trupper/Massaki Hitam 8', 20388, 28000, 2, 5),
('8990001005017', 'Batu Asah Massaki Orange 8\"Pjg', 10661, 18000, 2, 5),
('8990001005018', 'Baut 10 x 25', 1521, 2500, 135, 5),
('8990001005019', 'Baut 10 x 40', 1184, 2500, 205, 5),
('8990001005020', 'Baut 10 x 50', 2083, 3000, 250, 5),
('8990001005021', 'Baut 12 x 100 BMK', 4703, 6000, 48, 5),
('8990001005022', 'Baut 12 x 25', 2020, 3000, 169, 5),
('8990001005023', 'Baut 12 x 40', 2219, 3500, 185, 5),
('8990001005024', 'Baut 6 x 50', 562, 1500, 414, 5),
('8990001005025', 'Baut Cacing 10 x 1 1/2\"', 251, 500, 310, 5),
('8990001005026', 'Baut Cacing 12 x 2\"', 395, 800, 402, 5),
('8990001005027', 'Baut Cacing 6 x 1 1/4\"', 125, 300, 798, 5),
('8990001005028', 'Baut Seng', 211, 1000, 72, 5),
('8990001005029', 'Benang Gulung Multiguna Sikat', 1000, 2000, 0, 5),
('8990001005030', 'Benang Tukang Gulung Besar', 4372, 8000, -1, 5),
('8990001005031', 'Benang Tukang Gulung Kecil', 1143, 3000, 0, 5),
('8990001005032', 'Benang Tukang Ikat', 1225, 3000, 137, 5),
('8990001005033', 'Mesin bor Obeng Charger Fisch/Elite', 150000, 180000, 1, 5),
('8990001005034', 'Cangkul Crocodile Kecil', 17143, 25000, 1, 5),
('8990001005035', 'Cangkul Crocodile/Buaya RRT', 42517, 55000, 5, 5),
('8990001005036', 'Cangkul Ayam FRT', 41167, 55000, 9, 5),
('8990001005037', 'Cangkul TK', 9000, 15000, 0, 5),
('8990001005038', 'Dodos', 27333, 45000, 4, 5),
('8990001005039', 'Dodos CML', 47000, 70000, 0, 5),
('8990001005040', 'Dodos Lebar / LK', 30000, 45000, 0, 5),
('8990001005041', 'Ember Cor Biru Kecil', 5259, 9000, 0, 5),
('8990001005042', 'Ember Cor Hijau Besar', 5750, 10000, 15, 5),
('8990001005043', 'Ember Cor Hijau Rajawali Kecil', 3500, 6000, 45, 5),
('8990001005044', 'Ember Cor Kuning Besar', 14076, 18000, 147, 5),
('8990001005045', 'Gagang Gergaji Besi Cosco/Majesty', 13264, 18000, 2, 5),
('8990001005046', 'Gagang Gergaji Besi Komeko', 10000, 20000, 2, 5),
('8990001005047', 'Gagang gergaji besi tanpa merk / es', 20208, 25000, 0, 5),
('8990001005048', 'Gagang Gergaji Triplek/habis', 8000, 15000, 0, 5),
('8990001005049', 'Gagang Gergaji Triplek Massaki', 13250, 22000, 2, 5),
('8990001005050', 'Gagang Gergaji Kayu', 3650, 8000, 14, 5),
('8990001005051', 'Garuhut Cangkul Selokan', 20000, 25000, 2, 5),
('8990001005052', 'Garukan Sampah panjang', 17500, 25000, 0, 5),
('8990001005053', 'Geget 9 mm Press Lakoni/Yozuri/Koal', 31234, 45000, 3, 5),
('8990001005054', 'Geget Jeje/Nishio/Palazo/New dior', 8933, 15000, 3, 5),
('8990001005055', 'Gergaji Kayu Bahco 20\"', 123500, 145000, 2, 5),
('8990001005056', 'Gergaji Kyu gg kayu Schnberg/Gomeo ', 26000, 35000, 0, 5),
('8990001005057', 'Gergaji Kayu Lakoni/Nicole/Osiris 1', 42000, 60000, 6, 5),
('8990001005058', 'Gerobak Artco', 518826, 560000, 5, 5),
('8990001005059', 'Gunting Besi 36\" Lakoni/YS/SJT', 231200, 280000, 0, 5),
('8990001005060', 'Gunting Bunga Masaki gg hijau 8\"', 32500, 50000, 6, 5),
('8990001005061', 'Gunting Bunga Kenmaster/Prohex/SKT', 13400, 25000, 0, 5),
('8990001005062', 'Gunting Rumput/Pagar gg Kayu', 22000, 35000, 0, 5),
('8990001005063', 'Gunting Seng/Holo 10\" Ikeda/SJT', 32214, 45000, 7, 5),
('8990001005064', 'Gunting Seng 9 Figo', 35000, 45000, 1, 5),
('8990001005065', 'Gunting Seng SBS/USA 08\" ', 21667, 30000, 3, 5),
('8990001005066', 'Gunting Seng Kecil 8\" Rodeo/RRT', 15119, 22000, 0, 5),
('8990001005067', 'Kapak Camel/Axell gg kayu', 38333, 55000, -1, 5),
('8990001005068', 'Kapak Unix 600', 28000, 40000, 0, 5),
('8990001005069', 'Kepala Bor 1/2\" Max SelL', 21000, 25000, 0, 5),
('8990001005070', 'Keranjang Tanah PVC', 8167, 15000, 0, 5),
('8990001005071', 'Kikir Bahco', 26892, 35000, 13, 5),
('8990001005072', 'Kikir Bulat Bahco', 10833, 15000, 1, 5),
('8990001005073', 'Kikir Daiken/Abus 4\"', 3810, 10000, 0, 5),
('8990001005074', 'Kikir viper/Filex', 6000, 12000, 2, 5),
('8990001005075', 'Kikir India Kecil 3\"', 8803, 13000, 11, 5),
('8990001005076', 'Kikir Yozuri super/Jason', 7792, 15000, 5, 5),
('8990001005077', 'Kikir Prohex', 4600, 8000, 4, 5),
('8990001005078', 'Kikir Setengah Bulat Sunflex', 35429, 45000, 0, 5),
('8990001005079', 'Kuku Kambing/Linggis Menengah', 16000, 25000, 2, 5),
('8990001005080', 'Kunci Besi 10 x 12', 13000, 25000, 8, 5),
('8990001005081', 'Kunci Besi 6 x 8', 14000, 20000, 11, 5),
('8990001005082', 'Kunci Besi 8 x 10', 18500, 25000, 15, 5),
('8990001005083', 'Linggis/kuku kambing 1 mtr', 35000, 45000, 4, 5),
('8990001005084', 'Linggis Orange Jumbo', 32500, 45000, 1, 5),
('8990001005085', 'Linggis Runcing Jumbo/habis', 34000, 45000, 0, 5),
('8990001005086', 'Lot Timbangan 200 gr warna/biasa', 8294, 13000, 0, 5),
('8990001005087', 'Lot Timbangan 300 gr', 9000, 15000, 3, 5),
('8990001005088', 'Martil segi gg kayu 2 lb Masaki', 48600, 65000, 3, 5),
('8990001005089', 'Martil Sino American/SAR 3 LB', 43375, 55000, 0, 5),
('8990001005090', 'Masker Bulat', 1850, 3000, 0, 5),
('8990001005091', 'Mata Amplas', 423, 1000, 2653, 5),
('8990001005092', 'Mata Gergaji Besi 2 Mata', 700, 4000, 17, 5),
('8990001005093', 'Mata Gergaji Besi Bahco', 13807, 20000, 66, 5),
('8990001005094', 'Mata Gergaji Besi Biru', 500, 3000, 0, 5),
('8990001005095', 'Mata Gergaji Besi Soligen', 6000, 10000, 0, 5),
('8990001005096', 'Mata Gergaji Besi UltraFlex/SuperFl', 1885, 5000, 110, 5),
('8990001005097', 'Mata Gergaji Besi Viking/Tekiro', 9000, 13000, 0, 5),
('8990001005098', 'Mata Gergaji Potong Kayu Modern 7\"', 35000, 45000, 0, 5),
('8990001005099', 'Mata Gerinda Tebal BWS/Harden/habis', 4750, 8000, 0, 5),
('8990001005100', 'Mata Gerinda Tebal Taiyo', 3800, 8000, 0, 5),
('8990001005101', 'Mata Gerinda Tebal Ultra Touch', 6950, 10000, 61, 5),
('8990001005102', 'Mata Gerinda Tipis Nippon Harden', 4500, 8000, 0, 5),
('8990001005103', 'Mata Gerinda Tipis Makita/Toho', 6750, 10000, 3, 5),
('8990001005104', 'Mata Gerinda Tipis Ultra Cut', 6602, 10000, 34, 5),
('8990001005105', 'Mata Kapak Besar Cap Mata', 27500, 45000, 5, 5),
('8990001005106', 'Mata Katam Kayu SJT/Kelinci', 11375, 18000, 20, 5),
('8990001005107', 'Mata Katam Mesin Makita Kw 1', 22000, 40000, 1, 5),
('8990001005108', 'Mata Katam/planer Rush/Makita Kw 2', 11000, 24000, 6, 5),
('8990001005109', 'Mata Obeng Lakoni/Ameritech/DRIVER', 4941, 10000, 120, 5),
('8990001005110', 'Bosun F1 Basah biasa kuning', 20194, 35000, 11, 5),
('8990001005111', 'Mata Pot.Kramik Bosun F1 Kring Icut', 31166, 40000, 2, 5),
('8990001005112', 'Mata Potong Keramik Owner/Euro', 27500, 35000, 9, 5),
('8990001005113', 'Mata Potong Keramik Sorong Koala', 11000, 18000, 1, 5),
('8990001005114', 'Mata Potong Keramik Massaki/Sorong ', 14000, 25000, 7, 5),
('8990001005115', 'Mesin Bor Makita 6412', 608334, 680000, 1, 5),
('8990001005116', 'Mesin Bor Modern M 2100 B', 145000, 180000, 0, 5),
('8990001005117', 'Mesin Gerinda Maktech MT 90 100 mm', 350000, 420000, 1, 5),
('8990001005118', 'Mesin Katam/Planer Modern M 2900', 400000, 450000, 1, 5),
('8990001005119', 'Meteran 5 m Kodai', 12869, 20000, 0, 5),
('8990001005120', 'Meteran 7,5 m Weldome/Kodai/Essen', 23733, 35000, 19, 5),
('8990001005121', 'Meteran Komeiko 5 M', 4000, 7000, 0, 5),
('8990001005122', 'Meteran 3 m Kodai/Weldome/Soligen/M', 10077, 15000, 13, 5),
('8990001005123', 'Meteran Muller 5 M', 14600, 25000, 0, 5),
('8990001005124', 'Meteran VPR/Oni 5 M', 12000, 20000, 12, 5),
('8990001005125', 'Obeng  3 mm Jason', 2500, 5000, 3, 5),
('8990001005126', 'Obeng BB 3 mm Professional', 2500, 5000, 3, 5),
('8990001005127', 'Obeng BB 3,5 mm Rush', 4200, 8000, 2, 5),
('8990001005128', 'Obeng BB 5x65 mm Popeye/Ameritech/R', 4996, 12000, 28, 5),
('8990001005129', 'Obeng Ketok bening Besar Nevada', 8083, 18000, 11, 5),
('8990001005130', 'Obeng Kokon  100 mm', 3750, 7000, 0, 5),
('8990001005131', 'Obeng Kokon 7,5 mm', 3350, 7000, 2, 5),
('8990001005132', 'Pahat Beton 8\"SJT/GLT/orange', 13547, 22000, 10, 5),
('8990001005133', 'Pahat Beton SJT/GLT Panjang 12\"', 16458, 27000, 8, 5),
('8990001005134', 'Pahat Beton super Stamvick 10\"', 29167, 40000, 0, 5),
('8990001005135', 'Pahat Kayu 1\" Stanlee/Steelie/Fujit', 17083, 24000, 1, 5),
('8990001005136', 'Pahat Kayu 3/4 Stanlee/Figo 20 mm', 16458, 23000, 0, 5),
('8990001005137', 'Pahat Kayu 3/4\" Massaki', 19167, 30000, -1, 5),
('8990001005138', 'Pahat Kayu Oxford/Ferza 1/4\"', 9764, 14000, -2, 5),
('8990001005139', 'Pahat Kayu Stelie/Ferza 3/8\"', 11961, 20000, 10, 5),
('8990001005140', 'Martil 0,50 AP/Viper/Fata/Macau/Exi', 27684, 38000, 6, 5),
('8990001005141', 'Palu Fukung Besar 0,5', 22036, 32000, 10, 5),
('8990001005142', 'Palu Fukung Kecil 0,25', 16088, 25000, 4, 5),
('8990001005143', 'Martil segi gg Kayu 6 Lb Masaki 90 ', 135000, 170000, 1, 5),
('8990001005144', 'Palu Karet Besar Stanvick 300 gr', 12100, 18000, 0, 5),
('8990001005145', 'Palu Karet Kecil Stanvick 250 gr', 11250, 18000, 1, 5),
('8990001005146', 'Palu Plafon 8 OZ Gigi', 25000, 30000, 1, 5),
('8990001005147', 'Palu Plafon 8 OZ Polos', 22500, 30000, 1, 5),
('8990001005148', 'Palu Prohex Kecil 0,25', 20834, 28000, 0, 5),
('8990001005149', 'Palu SBS', 10850, 18000, 0, 5),
('8990001005150', 'Palu Viper 1 LB', 14200, 20000, 5, 5),
('8990001005151', 'Palu Viper 1/2 LB', 11700, 18000, 0, 5),
('8990001005152', 'Parang Menengah', 20333, 28000, 0, 5),
('8990001005153', 'Parang Panjang Kecil Camel', 34333, 45000, 6, 5),
('8990001005154', 'Parang Panjang Lebar', 26700, 35000, 0, 5),
('8990001005155', 'Pasak/Lapis Mata Katam Kayu', 3287, 6000, 22, 5),
('8990001005156', 'Pemotong Kaca Galantino/Diamond', 13542, 22000, 3, 5),
('8990001005157', 'Pemotong Keramik Sorong Ono', 185000, 225000, 0, 5),
('8990001005158', 'Pensil Tukang Makita', 1000, 3000, 43, 5),
('8990001005159', 'Pensil Tukang Stanvick', 600, 2000, 0, 5),
('8990001005160', 'Pisau Cutter Biasa Yamata/Bening/wa', 1417, 3000, 4, 5),
('8990001005161', 'Pisau Cutter DLTC Putih', 16000, 22000, 0, 5),
('8990001005162', 'Pompa Sepeda Massaki + Ampere', 41000, 55000, 0, 5),
('8990001005163', 'Pompa Lem Kaca biasa orange/habis', 12479, 20000, 0, 5),
('8990001005164', 'Raskam besi gg pvc Yozuri/Abus', 15750, 22000, 11, 5),
('8990001005165', 'Raskam Besi Runcing', 7500, 12000, 3, 5),
('8990001005166', 'Raskam kayu lancip/petak', 7500, 13000, 10, 5),
('8990001005167', 'Raskam kayu petak/habis', 8000, 15000, 0, 5),
('8990001005168', 'Raskam PVC Licin Hitam', 4771, 8000, 30, 5),
('8990001005169', 'Rumah Katam Medan', 28667, 35000, 4, 5),
('8990001005170', 'Sabit Besar', 35000, 45000, 0, 5),
('8990001005171', 'Sabit Kecil/Bintang Mas', 20000, 35000, 0, 5),
('8990001005172', 'Sarung Tangan Kain Bintik', 2896, 5000, 107, 5),
('8990001005173', 'Sarung Tangan Kain Polos', 1446, 4000, 0, 5),
('8990001005174', 'Sarung Tngn Kret Merah/Hitam IGM/Ke', 11294, 17000, 63, 5),
('8990001005175', 'Sarung Tngn Karet Merah/Orange Rush', 7294, 12000, 13, 5),
('8990001005176', 'Sarung Tangan Kulit Las Stanvick', 15000, 20000, 8, 5),
('8990001005177', 'Sarung Tangan Kuning Rush', 9583, 15000, 8, 5),
('8990001005178', 'Scrap Gagang Karet 2 1/2 Token', 6700, 10000, 0, 5),
('8990001005179', 'Scrap Gagang Karet 3 Token/Toledo', 6875, 12000, 0, 5),
('8990001005180', 'Scrap Gagang Karet 4 Unix/Toledo', 7292, 12000, 0, 5),
('8990001005181', 'Scrap PVC 5', 885, 3000, 24, 5),
('8990001005182', 'Scrap PVC 7/habis', 1093, 4000, 0, 5),
('8990001005183', 'Scrap PVC 9 Baru', 1657, 5000, 17, 5),
('8990001005184', 'Scrap PVC 9 Prima', 4394, 7000, 50, 5),
('8990001005185', 'Scrap PVC Koala Set', 5450, 10000, 0, 5),
('8990001005186', 'Scrap Seng gg pvc 1 1/2 Massaki', 5000, 10000, 0, 5),
('8990001005187', 'Scrap Seng gg pvc 2', 5417, 12000, 0, 5),
('8990001005188', 'Scrap Seng gg pvc 2 1/2 Massaki', 5833, 12000, 1, 5),
('8990001005189', 'Scrap Seng gg pvc 3\" Massaki', 4788, 13000, 2, 5),
('8990001005190', 'Scrap Seng gg pvc 4\" Massaki', 5208, 14000, 2, 5),
('8990001005191', 'Scrap Seng Pin Biasa Set', 3000, 6000, 0, 5),
('8990001005192', 'Scrap Seng Stainless Set Yoss', 17500, 25000, 0, 5),
('8990001005193', 'Sekop Petak Raptor/Blackstone', 41364, 58000, 15, 5),
('8990001005194', 'Sekop Petak Lacoste/Crocodile', 39583, 50000, 4, 5),
('8990001005195', 'Sekop Petak/Runcing Tayo', 65000, 85000, 4, 5),
('8990001005196', 'Sekop Runcing Raptor/Lacoste/Crocod', 41180, 55000, 12, 5),
('8990001005197', 'Sendok Semen 8\" Kokon', 17327, 22000, 8, 5),
('8990001005198', 'Sendok Semen 7\" SBS', 5850, 12000, 0, 5),
('8990001005199', 'Sendok Semen 7\" York', 8333, 13000, 0, 5),
('8990001005200', 'Sendok Semen Amritech', 14200, 20000, 0, 5),
('8990001005201', 'Sendok Semen Medan', 12500, 18000, 0, 5),
('8990001005202', 'Sendok Semen Oval HPP', 6350, 12000, 8, 5),
('8990001005203', 'Sepatu Bot Hunter/Ando', 64000, 85000, 2, 5),
('8990001005204', 'Sepatu Bot Ap Terra', 69831, 85000, 2, 5),
('8990001005205', 'Sepatu Bot Merah Goco', 68000, 85000, 4, 5),
('8990001005206', 'Sepatu Bot Pitbull silver/Korakoh', 70000, 90000, 5, 5),
('8990001005207', 'Sibak Gergaji Gagang Kayu Merah', 4583, 8000, 6, 5),
('8990001005208', 'Sikat Kawat 5 B GDO/Oxford/Soligen/', 4333, 12000, 8, 5),
('8990001005209', 'Sikat Kawat Eagle/Kuning 8 B kw 2', 4083, 10000, 15, 5),
('8990001005210', 'Siku Tukang 10\" Prohex', 21500, 32000, 0, 5),
('8990001005211', 'Siku Tukang 12\" Rush/RRT Biasa', 5725, 12000, 1, 5),
('8990001005212', 'Solder Lurus 555', 7500, 12000, 2, 5),
('8990001005213', 'Solder tembak Knmster/Pistol Minkom', 31000, 45000, 1, 5),
('8990001005214', 'Tajak', 12143, 22000, 6, 5),
('8990001005215', 'Tang 7\" Rush', 10000, 15000, 0, 5),
('8990001005216', 'Tang Keramik Toko', 12500, 18000, 0, 5),
('8990001005217', 'Tang Kombinasi 7 Winson/Wanly/Diamo', 14040, 22000, 0, 5),
('8990001005218', 'Tang Potong Kabel 150 Cross', 12000, 18000, 0, 5),
('8990001005219', 'Tang Potong Keramik Brachio tebal', 48000, 65000, 12, 5),
('8990001005220', 'Tang Ripet SJT/Lobster/ATS 9,5 Oran', 35235, 45000, 5, 5),
('8990001005221', 'Tang lancip 6\" Cross', 14500, 22000, 6, 5),
('8990001005222', 'Tang Sibak Gergaji GLX Biru/SAR', 60000, 80000, 1, 5),
('8990001005223', 'Tang Stel 10 Drexel', 21250, 30000, 0, 5),
('8990001005224', 'Tangkai Cangkul Biasa/habis', 6000, 10000, 0, 5),
('8990001005225', 'Tangkai Cangkul KW 1', 9459, 15000, 29, 5),
('8990001005226', 'Tangkai Parang PVC', 2800, 7000, 9, 5),
('8990001005227', 'Tapak Amplas Gerinda 4\"Benz/Rush/No', 4517, 10000, 17, 5),
('8990001005228', 'Waterpass + Siku Great 12\"', 21500, 35000, 4, 5),
('8990001005229', 'Waterpass 12\" + Magnet', 21000, 35000, 0, 5),
('8990001005230', 'Waterpass magnet 18\" Truper/Hermano', 60000, 80000, 1, 5),
('8990001005231', 'Waterpass 18\" Aluminium', 16000, 25000, 6, 5),
('8990001005232', 'Waterpass 24\" Truper', 50000, 70000, 1, 5),
('8990001005233', 'Waterpass Besi 20\" Anchor', 32000, 45000, 0, 5),
('8990001005234', 'Waterpass Besi 24\" Anchor', 34000, 45000, 0, 5),
('8990001006001', 'Body Kunci CAB/Grandia', 57500, 80000, 3, 6),
('8990001006002', 'Body kunci Viper/Axell/SLG', 35417, 50000, 0, 6),
('8990001006003', 'Body Pelor Soligen', 112500, 140000, 1, 6),
('8990001006004', 'Engsel 3\" Essen', 5000, 8000, 1, 6),
('8990001006005', 'Engsel 3\" Fawi', 7500, 12000, 0, 6),
('8990001006006', 'Engsel 3\" Ferza', 8437, 14000, 171, 6),
('8990001006007', 'Engsel 3\" Hervey/Hermex', 22083, 30000, 29, 6),
('8990001006008', 'Engsel 3\" IGm', 10500, 16000, 1, 6),
('8990001006009', 'Engsel 3\" Kodai TebaL', 13000, 18000, 2, 6),
('8990001006010', 'Engsel 3\" Majesty', 5000, 8000, 0, 6),
('8990001006011', 'Engsel 3\" MVn', 10500, 16000, 0, 6),
('8990001006012', 'Engsel 3\" Putih', 4000, 8000, 1, 6),
('8990001006013', 'Engsel 3\" Sark Kotak Hitam', 5500, 10000, 0, 6),
('8990001006014', 'Engsel 3\" HCL/SSK', 6333, 10000, 42, 6),
('8990001006015', 'Engsel 4\" Fawi', 12100, 18000, 0, 6),
('8990001006016', 'Engsel 4\" Ferza', 11740, 18000, 120, 6),
('8990001006017', 'Engsel 4\" YS/Plz/TldYSK/HPP/Amani', 7514, 12000, 28, 6),
('8990001006018', 'Engsel 4\" Kodai TebaL', 18231, 25000, 14, 6),
('8990001006019', 'Engsel 4\" MVn', 14750, 20000, 0, 6),
('8990001006020', 'Engsel 4\" SAR Kuning', 13000, 24000, 0, 6),
('8990001006021', 'Engsel 4\" Spain A&Z putih', 5625, 10000, 1, 6),
('8990001006022', 'Engsel 4\" SSK', 5863, 8000, 25, 6),
('8990001006023', 'Engsel Gudang 10\" @ buah SBS', 7000, 12000, 4, 6),
('8990001006024', 'Engsel Gudang 8\"@ buah', 3500, 8000, 0, 6),
('8990001006025', 'Engsel 3\" Hermex', 9600, 15000, 0, 6),
('8990001006026', 'Engsel 3\" Massaki Putih', 9000, 15000, 0, 6),
('8990001006027', 'Engsel Nylon 3\" TTT', 2600, 6000, 1, 6),
('8990001006028', 'Engsel Nylon 4 Giken Tebal', 4200, 8000, 1, 6),
('8990001006029', 'Engsel Nylon 4 Tipis', 3750, 7000, 1, 6),
('8990001006030', 'Engsel Peluru 3\" 80 x 50 RRT @psg', 1500, 6000, 18, 6),
('8990001006031', 'Engsel Peluru 4\" AP/Soligen', 3250, 8000, 23, 6),
('8990001006032', 'Engsel Pjg Lemari @ buah', 11000, 18000, 3, 6),
('8990001006033', 'Engsel PVC Tyro/Chikara', 3000, 8000, 33, 6),
('8990001006034', 'Engsel Ranjang Kecil', 5794, 10000, 0, 6),
('8990001006035', 'Engsel 4\" Sapphire', 16000, 28000, 0, 6),
('8990001006036', 'Engsel 3\" Sorento kuning', 12100, 18000, 4, 6),
('8990001006037', 'Engsel Tipis 1 1/2\" @ psg Stok Lama', 250, 2000, 203, 6),
('8990001006038', 'Engsel tipis 2\" @ psg', 400, 2000, 67, 6),
('8990001006039', 'Engsel tipis 3\" @ psg/habis', 771, 3000, 0, 6),
('8990001006040', 'Engsel tipis 4\" @ psg/habis', 1563, 4000, 0, 6),
('8990001006041', 'Gembok 50 mm Kaijing', 16000, 24000, 3, 6),
('8990001006042', 'Gembok 15 mm KZW/Oriv', 4500, 7000, 5, 6),
('8990001006043', 'Gembok 20 mm Crystal/Exito', 3723, 8000, 0, 6),
('8990001006044', 'Gembok 20 mm Holy/VYBA', 7833, 12000, 3, 6),
('8990001006045', 'Gembok 32 mm Kaijing/Crystal', 10000, 16000, 1, 6),
('8990001006046', 'Gembok 40 mm Nishio/Cosco/habis', 5417, 12000, 0, 6),
('8990001006047', 'Gembok 38 mm Kaijing/Crystal', 11000, 17000, 8, 6),
('8990001006048', 'Gembok Alarm Pjg Benison', 120000, 160000, 1, 6),
('8990001006049', 'Gembok Jaket 70 Prohex', 28000, 45000, 0, 6),
('8990001006050', 'Gembok Pth 30 mm Pjg Hona/Galantino', 12462, 18000, 5, 6),
('8990001006051', 'Gembok putih 40 mm Pdk Belmondo/Fin', 15600, 23000, 4, 6),
('8990001006052', 'Gembok putih 40 mm Pjg Hona/Finn/Ch', 17600, 25000, 10, 6),
('8990001006053', 'Gembok putih 40 mm Pdk Lakoni/MVN/H', 17600, 25000, 12, 6),
('8990001006054', 'Gembok Putih 40 mm Pdk Nishan', 9500, 16000, 0, 6),
('8990001006055', 'Gembok putih 40 mm Pjg Lakoni/MVN/W', 18400, 26000, 0, 6),
('8990001006056', 'Gembok putih 50 mm Pdk Lakoni/MVN/H', 22000, 30000, 9, 6),
('8990001006057', 'Gembok Putih 50 mm Pjg Lakoni/MVN/H', 22800, 35000, 7, 6),
('8990001006058', 'Gembok Putih 60 mm Pdk Finn/Hona', 23400, 35000, 1, 6),
('8990001006059', 'Gembok Putih 60 mm Pdk Lakoni/MVN', 27200, 38000, 8, 6),
('8990001006060', 'Gembok Putih 60 mm Pjg Hona', 17500, 28000, 0, 6),
('8990001006061', 'Gembok Putih 60 mm Pjg Lakoni/MVN/F', 28800, 38000, 6, 6),
('8990001006062', 'Gembok Rantai CML/Korea', 29000, 45000, 2, 6),
('8990001006063', 'Grendel 10 CAB', 15708, 25000, 6, 6),
('8990001006064', 'Grendel 2 CDR', 3250, 8000, 1, 6),
('8990001006065', 'Grendel 2 Holy/Fit', 3333, 8000, 3, 6),
('8990001006066', 'Grendel 2\" Ferza Kuning', 3750, 8000, 0, 6),
('8990001006067', 'Grendel 2\" Palazo/VPR/Nobleza/Ameri', 3693, 8000, 143, 6),
('8990001006068', 'Grendel 2\" Soligen', 5111, 8000, 31, 6),
('8990001006069', 'Grendel 2\" Bolzano/York', 5833, 10000, 28, 6),
('8990001006070', 'Grendel 24\" GalantIno', 32500, 45000, 0, 6),
('8990001006071', 'Grendel 3 York', 3200, 8000, 0, 6),
('8990001006072', 'Grendel 3\" Ferza Kuning', 5850, 10000, 0, 6),
('8990001006073', 'Grendel 3\" Soligen', 7379, 13000, 10, 6),
('8990001006074', 'Grendel 3\" Unix', 3000, 8000, 0, 6),
('8990001006075', 'Grendel 4\" Soligen', 11223, 17000, 2, 6),
('8990001006076', 'Grendel 6 Kuning Tanpa Merk', 8000, 12000, 1, 6),
('8990001006077', 'Grendel 6 York', 8043, 14000, 2, 6),
('8990001006078', 'Grendel 6\" Modern', 10000, 14000, 0, 6),
('8990001006079', 'Grendel 8 York', 8636, 16000, 0, 6),
('8990001006080', 'Grendel Axell 24\"', 35000, 45000, 0, 6),
('8990001006081', 'Grendel Bulat 3 Rush', 1332, 2000, 111, 6),
('8990001006082', 'Grendel Bulat 3 SBS', 994, 2000, 0, 6),
('8990001006083', 'Grendel Bulat Hitam 4 SAR/SJT/Rush', 3205, 7000, 9, 6),
('8990001006084', 'Grendel Bulat Hijau/hitam 5 Roma/SA', 4167, 8000, 1, 6),
('8990001006085', 'Grendel CAB 2 Press', 3618, 8000, 14, 6),
('8990001006086', 'Grendel GTK 3 Gomeo', 4200, 8000, 0, 6),
('8990001006087', 'Grendel GTK 4 Milan', 12083, 18000, 0, 6),
('8990001006088', 'Grendel GTK SBS 4\" Biru', 4333, 12000, 3, 6),
('8990001006089', 'Grendel GTK SBS 6\" Biru', 8250, 15000, 11, 6),
('8990001006090', 'Grendel GTK KZW kuning 2 3/4', 3500, 8000, 0, 6),
('8990001006091', 'Grendel Gudang', 23350, 35000, 11, 6),
('8990001006092', 'Grendel kodok Rush/BLC', 5667, 10000, 17, 6),
('8990001006093', 'Grendel Kodok BUC Springknife', 10850, 15000, 2, 6),
('8990001006094', 'Grendel Kodok Dior', 3750, 8000, 1, 6),
('8990001006095', 'Grendel Kodok Dolphin', 12500, 18000, 0, 6),
('8990001006096', 'Grendel Kodok Ferza Kuning', 4000, 8000, 0, 6),
('8990001006097', 'Grendel Kodok Ferza Putih', 8443, 12000, 5, 6),
('8990001006098', 'Grendel kodok KZK', 3500, 8000, 0, 6),
('8990001006099', 'Grendel Kodok Massaki Putih', 3600, 8000, 3, 6),
('8990001006100', 'Grendel Kodok New Dior/VPR', 9000, 15000, 4, 6),
('8990001006101', 'Grendel kuning 2', 3500, 8000, 1, 6),
('8990001006102', 'Grendel kupu kupu kecil', 500, 2000, 1, 6),
('8990001006103', 'Grendel Lian Xintai 3', 5500, 10000, 1, 6),
('8990001006104', 'Grendel Mini KZK 2 Hongkong', 1303, 4000, 17, 6),
('8990001006105', 'Grendel PVC', 1419, 6000, 38, 6),
('8990001006106', 'Grendel Rantai Ferza', 13958, 20000, 6, 6),
('8990001006107', 'Grendel Tanam Warron 6\" + 12\" @p', 31250, 45000, 5, 6),
('8990001006108', 'Hak angin 6 RRT', 1703, 3000, 211, 6),
('8990001006109', 'Hak Angin 6\" Ulir', 3750, 6000, 18, 6),
('8990001006110', 'Hak Angin 8 Bossini', 5416, 8000, 0, 6),
('8990001006111', 'Hak Angin 8 Ferza Kuning', 4000, 8000, 1, 6),
('8990001006112', 'Hak Angin 8 Massaki Kuning', 3600, 8000, 3, 6),
('8990001006113', 'Hak Angin 8 Omco Kuning', 2500, 8000, 1, 6),
('8990001006114', 'Hak Angin ARB Ulir', 3850, 8000, 1, 6),
('8990001006115', 'Hak Angin Coklat Lama', 3000, 8000, 2, 6),
('8990001006116', 'Hak Angin Lipat Massaki/Sakura @ ps', 17500, 23000, 24, 6),
('8990001006117', 'Hak Angin Polos Ameritech/YSK/samur', 2663, 6000, 126, 6),
('8990001006118', 'Hak Angin Ulir/Bulat 4 JMJ Jumbo', 4033, 8000, 0, 6),
('8990001006119', 'Hak Angin Segi 4 IMJ/Notcel', 3917, 8000, 0, 6),
('8990001006120', 'Hak Angin Segi 4 Stayer', 4600, 8000, 0, 6),
('8990001006121', 'Hak Angin Ulir Kuning Tanpa Nama', 4000, 8000, 0, 6),
('8990001006122', 'Hak Angin Ulir Tip Top/Marbela/JMJ ', 3333, 7000, 0, 6),
('8990001006123', 'Handle Pintu 25 cm Stainless @kotak', 30000, 50000, 0, 6),
('8990001006124', 'Handle Pintu kaca segi putih Wenn 3', 62000, 90000, 6, 6),
('8990001006125', 'Handle Pintu PIALA @kotak', 35000, 60000, 4, 6),
('8990001006126', 'Kunci Binoche Besar', 92000, 115000, 0, 6),
('8990001006127', 'Kunci Binoche Sedang', 73000, 85000, 0, 6),
('8990001006128', 'Kunci Bulat A-Lock', 18750, 25000, 0, 6),
('8990001006129', 'Kunci Inggris 12\" Yohamura', 26000, 45000, 0, 6),
('8990001006130', 'Kunci Inggris KW 1 Fukung', 20833, 30000, -1, 6),
('8990001006131', 'Kunci Kodai Ultima Besar', 85000, 95000, 0, 6),
('8990001006132', 'Kunci L Hitam Cross/Hex Key putih/R', 8000, 15000, 6, 6),
('8990001006133', 'Kunci L Panjang Excellent', 17000, 25000, 1, 6),
('8990001006134', 'Kunci L SBS/Xin Exter/AP', 8923, 14000, 10, 6),
('8990001006135', 'Kunci Laci 808', 15105, 20000, 15, 6),
('8990001006136', 'Kunci laci East', 2100, 8000, 0, 6),
('8990001006137', 'Kunci Laci Elco', 4833, 10000, 0, 6),
('8990001006138', 'Kunci Laci Huben', 7073, 12000, 5, 6),
('8990001006139', 'Kunci Gerinda Univerzal Key', 15000, 22000, 1, 6),
('8990001006140', 'Kunci Nobleza Besar', 95000, 120000, 0, 6),
('8990001006141', 'Kunci Pass 10-11 FORGED/habis', 2400, 7000, 0, 6),
('8990001006142', 'Kunci Pass 12-13 FORGED', 2600, 8000, 0, 6),
('8990001006143', 'Kunci Pass 14-15 FORGED', 3000, 8000, 3, 6),
('8990001006144', 'Kunci Pass 16-17 FORGED', 3400, 8000, 2, 6),
('8990001006145', 'Kunci Pass 18-19 FORGED', 3800, 8000, 8, 6),
('8990001006146', 'Kunci Pass 8-9 FORGED', 2400, 6000, 2, 6),
('8990001006147', 'Kunci Pintu Alessa', 57375, 80000, 0, 6),
('8990001006148', 'Kunci Pintu Belmondo Besar', 82500, 115000, 0, 6),
('8990001006149', 'Kunci Pintu Belmondo Kecil', 70000, 85000, 0, 6),
('8990001006150', 'Kunci Pintu Cap Jangkar Besar', 49159, 60000, 11, 6),
('8990001006151', 'Kunci Pintu Elmes', 50000, 80000, 0, 6),
('8990001006152', 'Kunci Pintu Fawi', 60000, 85000, 0, 6),
('8990001006153', 'Kunci Pintu Inova', 50000, 85000, 0, 6),
('8990001006154', 'Kunci Pintu Kodai 641112', 69000, 90000, 0, 6),
('8990001006155', 'Kunci Pintu Kodai Medio', 41000, 50000, 0, 6),
('8990001006156', 'Kunci Pintu Maven Besar', 75000, 95000, 0, 6),
('8990001006157', 'Kunci Pintu Napolly', 36167, 45000, 31, 6),
('8990001006158', 'Kunci Pintu New Dior', 30000, 40000, 0, 6),
('8990001006159', 'Kunci Pintu Nicole', 66000, 90000, 1, 6),
('8990001006160', 'Kunci Pintu Vezel/Nobleza Sedang', 77000, 95000, 0, 6),
('8990001006161', 'Kunci Pintu Tooti', 75000, 110000, 2, 6),
('8990001006162', 'Kunci Pipa 14 Kokon', 42000, 60000, 0, 6),
('8990001006163', 'Kunci Ring Pas 12 Fukung/Prohex', 9750, 17000, 11, 6),
('8990001006164', 'Kunci Ring Pas 12 USA', 10000, 16000, 0, 6),
('8990001006165', 'Kunci Ring Pas 17 Japan', 12650, 18000, 1, 6),
('8990001006166', 'Kunci Ring Pas 19 Japan', 14000, 20000, 0, 6),
('8990001006167', 'Kunci Ring Pas 6 USA', 8500, 15000, 5, 6),
('8990001006168', 'Kunci Ring Pas 7 USA', 8500, 15000, 5, 6),
('8990001006169', 'Kunci Sepeda Kanzawa', 12000, 18000, 0, 6),
('8990001006170', 'Kunci Top 638/637 + Silinder', 61376, 75000, 17, 6),
('8990001006171', 'Lobang Grendel Tanam', 12000, 22000, 0, 6),
('8990001006172', 'Overval 2\" Tip top/Kanzawa', 1083, 3000, 4, 6),
('8990001006173', 'Overval 2 1/2\" Rush', 1167, 4000, -1, 6),
('8990001006174', 'Tik tak Lama / silver', 1084, 3000, 42, 6),
('8990001006175', 'Plat Gembok biru 4\" SJT', 3506, 8000, 24, 6),
('8990001006176', 'Plat gembok biru 3 1/2 Rush/SJT', 3233, 8000, 10, 6),
('8990001006177', 'Plat Gembok Hitam Kecil', 800, 2000, 21, 6),
('8990001006178', 'Plat Gembok Hitam Menengah', 2500, 4000, 2, 6),
('8990001006179', 'Plat Gembok Horison/DW 5\"', 3833, 8000, 3, 6),
('8990001006180', 'Plat Gembok Liberty/DW 6\"', 4246, 8000, 8, 6),
('8990001006181', 'Plat Gembok Hitam Besar', 2500, 5000, 23, 6),
('8990001006182', 'Ring Kunci Biasa', 1000, 2000, 52, 6),
('8990001006183', 'Ring Kunci Home', 13000, 20000, 10, 6),
('8990001006184', 'Silinder Kunci CAB/Bertoli Kecil', 20000, 20000, 12, 6),
('8990001006185', 'Silinder kunci Vaniro B/Excel/Belgr', 25857, 35000, 5, 6),
('8990001006186', 'Silinder Kunci Grandia/Cavani Kecil', 23000, 35000, 0, 6),
('8990001006187', 'Silinder Kunci Besar IGM/Ferza', 26286, 40000, 4, 6),
('8990001006188', 'Silinder Kunci Sevila/Welliv Besar', 30000, 45000, 3, 6),
('8990001006189', 'Silinder Kunci HPP Kecil', 9200, 15000, 0, 6),
('8990001006190', 'Silinder Kunci Falco/Martello Besar', 22436, 35000, 0, 6),
('8990001006191', 'Silinder kunci Nishio kecil', 13333, 22000, 0, 6),
('8990001006192', 'Tahanan Pintu CAB', 10500, 20000, 0, 6),
('8990001006193', 'Tarikan Bulat Exito', 32429, 45000, 1, 6),
('8990001006194', 'Tarikan Jendela 3\" RRT', 479, 2000, 78, 6),
('8990001006195', 'Tarikan Jendela 4\" Tip Top', 695, 2000, 116, 6),
('8990001006196', 'Tarikan Jendela 5\" Tip Top', 1000, 3000, 5, 6),
('8990001006197', 'Tarikan Jendela Coklat Besi', 3000, 6000, 0, 6),
('8990001006198', 'Tarikan Jendela Coklat PVC', 700, 3000, 1, 6),
('8990001006199', 'Tarikan jendela SGP Kuning', 3000, 6000, 2, 6),
('8990001006200', 'Tarikan Jendela DW', 3142, 8000, 80, 6),
('8990001006201', 'Tarikan laci Arcel', 8000, 12000, 1, 6),
('8990001006202', 'Tarikan laci bulat kayu', 1700, 3000, 0, 6),
('8990001006203', 'Tarikan Laci PVC Kuning  Lama', 2000, 4000, 19, 6),
('8990001006204', 'Tarikan laci Top kuning', 3750, 6000, 3, 6),
('8990001006205', 'Tarikan Jendela Top', 5083, 8000, 48, 6),
('8990001006206', 'Tarikan Pintu Besi SSK', 50000, 80000, 1, 6),
('8990001006207', 'Tarikan Pintu Exito', 22500, 35000, 8, 6),
('8990001006208', 'Tarikan pintu Fiber', 1500, 6000, 5, 6),
('8990001006209', 'Tarikan Pintu Stainless 30 cm', 30000, 50000, 0, 6),
('8990001007001', 'Alkali Wildan/Fabio 4 kg', 62900, 90000, 7, 7),
('8990001007002', 'Alkali Sanlex 5 kg', 90000, 100000, 0, 7),
('8990001007003', 'Cat Genteng Sanlex 5 kg', 147538, 160000, 1, 7),
('8990001007004', 'Cat Kayu Emas 650 cc Penlux', 48000, 70000, 0, 7),
('8990001007005', 'Cat Menie Besi Paris 1 L', 11500, 15000, 0, 7),
('8990001007006', 'Cat Menie Kayu 3,78 L Puma', 75000, 90000, 2, 7),
('8990001007007', 'Cat Menie Kayu Ligatex 5 L', 42500, 55000, 2, 7),
('8990001007008', 'Cat Menie Kayu Unico 1 L', 20000, 28000, 1, 7),
('8990001007009', 'Cat Minyak 0,9 L Avian', 63367, 70000, 169, 7),
('8990001007010', 'Cat Minyak 1 kg Nippe Exposy', 61800, 68000, 0, 7),
('8990001007011', 'Cat Minyak 1 kg Penta Gloss Putih', 56500, 62000, 0, 7),
('8990001007012', 'Cat Minyak 1 L Autolac', 29000, 35000, 8, 7),
('8990001007013', 'Cat Minyak 1 L Destun', 20000, 20000, 15, 7),
('8990001007014', 'Cat Minyak 1 L Drasso', 45500, 50000, 1, 7),
('8990001007015', 'Cat Minyak 1 L Flinkote DN', 19500, 26000, 0, 7),
('8990001007016', 'Cat Minyak 1 L Flinkote Pioner', 29700, 40000, 12, 7),
('8990001007017', 'Cat Minyak 1 L Hotex', 13500, 20000, 2, 7),
('8990001007018', 'Cat Minyak 1 L Maritex', 16600, 20000, 1, 7),
('8990001007019', 'Cat Minyak 1 L Mitralac', 29000, 35000, 7, 7),
('8990001007020', 'Cat Minyak 1 L Nippe 270', 49500, 57000, 0, 7),
('8990001025061', 'Paku beton kuning 2\"', 133, 400, 70, 25),
('8990001007022', 'Cat Minyak 1 L Sendai', 35807, 42000, 24, 7),
('8990001007023', 'Cat Minyak 1 L Ultratex', 22500, 28000, 1, 7),
('8990001007024', 'Cat Minyak 1 L Wita', 13500, 18000, 10, 7),
('8990001007025', 'Cat Minyak 1 L YOKO', 43099, 52000, 64, 7),
('8990001007026', 'Cat Minyak 1 L Yoko 784', 32375, 40000, 14, 7),
('8990001007027', 'Cat Minyak 100 cc Avian', 8300, 12000, 0, 7),
('8990001007028', 'Cat Minyak 100 cc Costalac', 4900, 8000, 0, 7),
('8990001007029', 'Cat Minyak 100 cc Destun', 4200, 7000, 15, 7),
('8990001007030', 'Cat Minyak 100 cc Emas Avian', 15617, 22000, 1, 7),
('8990001007031', 'Cat Minyak 100 cc Kuda Terbang', 6000, 9000, 0, 7),
('8990001007032', 'Cat Minyak 200 cc Avian', 13308, 16000, 0, 7),
('8990001007033', 'Cat Minyak 3,6 L Avian', 244016, 265000, 9, 7),
('8990001007034', 'Cat Minyak 3,75 L Yoko', 222824, 245000, 43, 7),
('8990001007035', 'Cat Minyak 3,75 L Yokoo 784', 166870, 185000, 0, 7),
('8990001007036', 'Cat Minyak 3,78 L Costalac', 114600, 130000, 2, 7),
('8990001007037', 'Cat Minyak Avian 200 cc', 16696, 22000, 145, 7),
('8990001007038', 'Cat Semprot Artic 300 cc', 16088, 20000, 39, 7),
('8990001007039', 'Cat Tembok 1 L FUKA', 23443, 33000, 2, 7),
('8990001007040', 'Cat Tembok 20 kg Evalux', 73000, 100000, 1, 7),
('8990001007041', 'Cat Tembok 20 kg Maritex Std', 289771, 240000, 3, 7),
('8990001007042', 'Cat Tembok 20 kg Rusilux', 76000, 100000, 1, 7),
('8990001007043', 'Cat Tembok 20 kg Sunlux', 73000, 100000, 3, 7),
('8990001007044', 'Cat Tembok 20 kg Virgo', 85000, 100000, 1, 7),
('8990001007045', 'Cat Tembok 25 kg Envi', 360000, 400000, 1, 7),
('8990001007046', 'Cat Tembok 25 kg Globe Std', 210000, 220000, 0, 7),
('8990001007047', 'Cat Tembok 25 kg Harco Spc', 278067, 330000, 1, 7),
('8990001007048', 'Cat Tembok 25 kg Harco Std', 233700, 270000, 0, 7),
('8990001007049', 'Cat Tembok 25 kg Lippo Std', 344812, 350000, 1, 7),
('8990001007050', 'Cat Tembok 5 kg Aries Spc', 49756, 60000, 0, 7),
('8990001007051', 'Cat Tembok 5 kg Aries Std', 40229, 55000, 15, 7),
('8990001007052', 'Cat Tembok 5 kg Avitek', 108050, 125000, 25, 7),
('8990001007053', 'Cat Tembok 5 kg Envi Std', 91969, 110000, 6, 7),
('8990001007054', 'Cat Tembok 5 kg Evalux Std', 20000, 28000, 6, 7),
('8990001007055', 'Cat Tembok 5 kg Globe Spc', 42625, 55000, 2, 7),
('8990001007056', 'Cat Tembok 5 kg Globe Std', 40488, 50000, 4, 7),
('8990001007057', 'Cat Tembok 5 kg Harco Spc', 46518, 70000, 16, 7),
('8990001007058', 'Cat Tembok 5 kg Harco Std', 54208, 65000, 9, 7),
('8990001007059', 'Cat Tembok 5 kg Hitto Spc', 42419, 65000, 0, 7),
('8990001007060', 'Cat Tembok 5 kg Lippo Spc', 77902, 95000, 14, 7),
('8990001007061', 'Cat Tembok 5 kg Lippo Std', 69242, 85000, 26, 7),
('8990001007062', 'Cat Tembok 5 kg Maritex Std', 69682, 85000, 37, 7),
('8990001007063', 'Cat Tembok 5 kg Ozon Std', 66400, 75000, 0, 7),
('8990001007064', 'Cat Tembok 5 kg Rusilux', 35000, 45000, 2, 7),
('8990001007065', 'Cat Tembok 5 kg Sanalux Std', 20000, 28000, 3, 7),
('8990001007066', 'Cat Tembok 5 kg Sunlux Std', 20000, 28000, 3, 7),
('8990001007067', 'Minyak cat', 9583, 15000, 7, 7),
('8990001007068', 'Pelapis Anti Bocor 1 kg Mega Goat', 32000, 40000, 0, 7),
('8990001007069', 'Pelapis Anti Bocor 1 kg No Drop', 55330, 63000, 90, 7),
('8990001007070', 'Pelapis Anti Bocor 5 kg No Drop', 210921, 230000, 58, 7),
('8990001007071', 'Pelitur 1 L Boyo', 57449, 68000, 28, 7),
('8990001007072', 'Pelitur Super Sellac 1 L', 25000, 35000, 6, 7),
('8990001007073', 'Pelitur Vernis Boyo 0,5 L', 31891, 38000, 19, 7),
('8990001007074', 'Soda api 250 gr VIP/peluntur cat mi', 20500, 25000, 12, 7),
('8990001007075', 'Peluntur Cat Tembok BETA 1 L', 29700, 35000, 0, 7),
('8990001007076', 'Residu @ 5 L', 30000, 40000, 10, 7),
('8990001007077', 'Soda Api Kuda Terbang 300 cc', 15000, 20000, 0, 7),
('8990001007078', 'Thinner botol penuh', 12666, 18000, 9, 7),
('8990001007079', 'Thinner botol pvc kinclong/Syntheti', 4900, 8000, 0, 7),
('8990001007080', 'Thinner 1 L Cobra Hitam', 34703, 42000, 24, 7),
('8990001007081', 'Thinner 1 L Laba laba', 22395, 28000, 7, 7),
('8990001007082', 'Thinner 1 L Mitseda', 10500, 15000, 0, 7),
('8990001007083', 'Thinner 1 L Nuri', 10000, 15000, 0, 7),
('8990001007084', 'Thinner Botol PVC Simpati/Hidoko', 5899, 10000, 159, 7),
('8990001007085', 'Thinner Laba laba 5 L', 91250, 105000, 1, 7),
('8990001007086', 'Thinner Macan 5 L', 57000, 65000, 0, 7),
('8990001007087', 'Vernis botol', 15759, 22000, 27, 7),
('8990001007088', 'Vernis Nicko 1 L', 17500, 22000, 2, 7),
('8990001008001', 'Besi 10 x 12 SNI Besar', 30096, 38000, 1, 8),
('8990001008002', 'Besi 10 x 12 LTS/RPS/MUS/PJ/habis', 78047, 79500, 0, 8),
('8990001008003', 'Besi 12 x 12 SNI PJ/BJKU/GS/PAS', 102573, 115000, 83, 8),
('8990001008004', 'Besi 6 x 10 Polos', 12636, 18000, 4, 8),
('8990001008005', 'Besi 6 x 6 Begol', 3613, 6000, 128, 8),
('8990001008006', 'Besi 6 x 8 Begol', 6145, 10000, 0, 8),
('8990001008007', 'Besi 6 x 11 polos / Begol', 14500, 18000, 53, 8),
('8990001008008', 'Besi 7 x 10 BJKU', 24000, 27000, 0, 8),
('8990001008009', 'Besi 8 x 12 SNI Besar', 19589, 30000, 0, 8),
('8990001008010', 'Besi 8 x 12 SNI Kecil', 21500, 26000, 0, 8),
('8990001009001', 'Batu Kerawang Bata 10 x 20', 4000, 8000, 0, 9),
('8990001009002', 'Batu Kerawang Bata 15 x 15', 4000, 8000, 6, 9),
('8990001009003', 'Batu Kerawang Bata 20 x 20', 8000, 12000, 16, 9),
('8990001009004', 'Batu Kerawang Keramik Vista', 22500, 28000, 17, 9),
('8990001009005', 'Bon Bon Keramik', 306, 600, 14652, 9),
('8990001009006', 'Closet Jongkok American std Rap C', 335000, 380000, 0, 9),
('8990001009007', 'Closet Jongkok Duty biru tua', 135000, 160000, 4, 9),
('8990001009008', 'Closet Jongkok Duty maroon', 132000, 160000, 0, 9),
('8990001009009', 'Closet Jongkok Duty pink', 110000, 140000, 0, 9),
('8990001009010', 'Closet Jongkok Duty putih/biru m/iv', 151308, 160000, 23, 9),
('8990001009011', 'Closet Jongkok Global putih/sky blu', 94628, 120000, 2, 9),
('8990001009012', 'Glass Block Mulia', 21415, 26000, 76, 9),
('8990001009013', 'Keramik 20x20 Serena', 53500, 58000, 0, 9),
('8990001009014', 'Keramik 20x25 Accura', 49000, 53000, 0, 9),
('8990001009015', 'Keramik 20x25 Cicero', 57500, 62000, 1, 9),
('8990001009016', 'Keramik 20x25 Premium', 56577, 62000, 0, 9),
('8990001009017', 'Keramik 20x25 Serena', 53500, 56000, 1, 9),
('8990001009018', 'Keramik 30x30 Zigma cream/Super Ita', 47500, 50000, 0, 9),
('8990001009019', 'Keramik 40x40 Premium', 55500, 60000, 0, 9),
('8990001009020', 'Keramik 40x40 Valensia Giordano', 58000, 63000, 0, 9),
('8990001009021', 'Keramik 40x40 Valensia Putih Polos', 51000, 55000, 0, 9),
('8990001009022', 'Closet Jongkok AmStad Rapi Ex', 243125, 270000, 2, 9),
('8990001009023', 'Closet Jongkok Taco putih/biru', 99206, 120000, 15, 9),
('8990001009024', 'Closet Jongkok Pozzi/Genoa/Global', 115000, 140000, -1, 9),
('8990001009025', 'Lestillo Keramik', 2250, 4000, 33, 9),
('8990001009026', 'Tempat Sabun Keramik Trisenza', 37321, 55000, 6, 9),
('8990001010001', 'GRC Board 4 mm', 70000, 78000, 0, 10),
('8990001010002', 'Lisplang GRC 10 cm x 244 cm', 37000, 40000, 0, 10),
('8990001010003', 'Lisplang GRC 15 cm x 244 cm', 39758, 50000, 2, 10),
('8990001010004', 'Lisplang GRC 30 cm x 244 cm', 81500, 90000, 3, 10),
('8990001010005', 'Triplek 3 mm/habis', 38610, 46000, 0, 10),
('8990001010006', 'Triplek 4 mm/habis', 57223, 65000, 0, 10),
('8990001010007', 'Triplek 6 mm', 80000, 95000, 0, 10),
('8990001010008', 'Triplek 8 mm kw 1', 109210, 115000, 51, 10),
('8990001010009', 'Triplek 9 mm', 112000, 130000, 10, 10),
('8990001011001', 'Busa Paku Seng', 4500, 8000, 102, 11),
('8990001011002', 'Seng Plat Aluminium 0,4 mm', 85882, 110000, 6, 11),
('8990001011003', 'Rabung Sakura Roof', 17375, 23000, 6, 11),
('8990001011004', 'Rabung Seng Biasa', 16241, 20000, 102, 11),
('8990001011005', 'Rabung Seng Warna Swallow', 17115, 23000, 9, 11),
('8990001011006', 'Seng 6 x 11 Angsa Dunia/Tratai/habi', 44277, 48000, 0, 11),
('8990001011007', 'Seng 6 x 11 Crown Swan', 60250, 65000, 0, 11),
('8990001011008', 'Seng Fiber Fuso 0,6', 41000, 55000, 0, 11),
('8990001011009', 'Seng Fiber Fuso 0,9', 68000, 85000, 0, 11),
('8990001011010', 'Seng Plat', 62500, 70000, 5, 11),
('8990001011011', 'Seng plat gulung 55 cm @cm', 201, 300, 0, 11),
('8990001011012', 'Seng Sakura 0,30 mm Maron', 33750, 38000, 0, 11),
('8990001011013', 'Seng Sakura 0,30 mm Merah', 33750, 38000, 2, 11),
('8990001011014', 'Seng Sakuragi 0,25 mm Merah', 24500, 28000, 0, 11),
('8990001011015', 'Seng Warna Jaya Color Maron', 46500, 49500, 0, 11),
('8990001011016', 'Seng Warna Jaya Color Merah', 46500, 49500, 0, 11),
('8990001011017', 'Seng Warna Swallow 6 kaki x 11', 48000, 51000, 0, 11),
('8990001011018', 'Seng Warna Tiger Maron', 40000, 45000, 0, 11),
('8990001012001', 'Bak air Fiber Petak', 90000, 120000, 1, 12),
('8990001012002', 'Bak air Plastik sedang + Panel Twin', 224000, 250000, 0, 12),
('8990001012003', 'Bak air plastik Sinbak Biru', 190000, 230000, 0, 12),
('8990001012004', 'Bak air sudut sdg plastik hijau', 195000, 240000, 0, 12),
('8990001012005', 'Bak air Plastik Kecil Twin Pan', 175000, 200000, 0, 12),
('8990001012006', 'Bak air PVC Walrus + Panel', 220000, 250000, 0, 12),
('8990001012007', 'Bak air Plastik Besar', 155000, 230000, 2, 12),
('8990001012008', 'Bak air Sudut Fiber Besar', 220000, 250000, 2, 12),
('8990001012009', 'Bak air Sudut Fiber Kecil', 160000, 190000, 1, 12),
('8990001012010', 'Pelampung Tangki Radar', 50000, 60000, 6, 12),
('8990001012011', 'Tangki Air 1000 L Lucky', 1060000, 1150000, 0, 12),
('8990001012012', 'Tangki Air 500 L Penguin', 950000, 1100000, 1, 12),
('8990001012013', 'Tangki Air 750 L Nayya', 560000, 650000, 0, 12),
('8990001013001', 'Dempul Kayu 1 kg Pritex', 17633, 25000, 15, 13),
('8990001013002', 'Dempul Plastik 1 kg Bison', 23500, 35000, 3, 13),
('8990001013003', 'Dempul Plastik 1 kg Expolac', 26000, 35000, 1, 13),
('8990001013004', 'Dempul Plastik 1 kg Sanpolac', 34857, 45000, 0, 13),
('8990001013005', 'Dempul Plastik 3,3 kg Alfagloss', 101500, 120000, 0, 13),
('8990001013006', 'Dempul Plastik Bison 3 kg', 63500, 80000, 4, 13),
('8990001013007', 'Plamir Giant Mortar 5 kg', 30618, 40000, 0, 13),
('8990001013008', 'Plamir RJ 5 kg', 60889, 70000, 0, 13),
('8990001013009', 'Tepung Sinkuit @ gram', 13, 15000, 1997, 13),
('8990001014001', 'Selang Angin 10 M Kodenki @bks', 50000, 65000, 0, 14),
('8990001014002', 'Selang Benang 1 1/2\" Ekahose @cm', 202, 280, 2070, 14),
('8990001014003', 'Selang Benang 1/2 Falcon @ roll', 299813, 350000, 4, 14),
('8990001014004', 'Selang Benang 1/2\" Puso/Walrus @cm', 49, 70, 2850, 14),
('8990001014005', 'Selang Benang 5/8 Puso @rol', 680000, 740000, 0, 14),
('8990001014006', 'Selang Benang 5/8 Ultra Hose @rol', 370000, 420000, 0, 14),
('8990001014007', 'Selang Benang 1 1/4\" @cm Ekahose', 146, 200, 350, 14),
('8990001014008', 'Selang Benang 1/2\" Green Hose @cm', 40, 60, 750, 14),
('8990001014009', 'Selang Benang 3/4\" Ultrahose @cm', 49, 60, 0, 14),
('8990001014010', 'Selang Benang Multihose 1\"  @cm', 80, 100, 0, 14),
('8990001014011', 'Selang Benang Raja 3/4\" @cm', 49, 60, 870, 14),
('8990001014012', 'Selang Benang Ultra Hose 1/2\" @cm', 30, 40, 3360, 14),
('8990001014013', 'Selang Benang 1/2\" Raja @cm', 30, 40, 0, 14),
('8990001014014', 'Selang Benang Ultra Hose 5/8\" @cm', 39, 50, 0, 14),
('8990001014015', 'Selang DOP 1/2\" @cm', 20, 30, 2350, 14),
('8990001014016', 'Selang Kompressor @cm', 70, 100, 4050, 14),
('8990001014017', 'Selang Mesin Cuci', 22000, 30000, 3, 14),
('8990001014018', 'Selang Spiral 1\" @cm orange', 30, 50, 0, 14),
('8990001014019', 'Selang Spiral 5/8\"orange @cm', 16, 30, 0, 14),
('8990001014020', 'Selang Spiral 1/2\" putih/Orange @cm', 17, 30, 1650, 14),
('8990001014021', 'Selang Spiral 5/8 Putih @cm', 16, 40, 0, 14),
('8990001014022', 'Selang Tukang Tebal @cm', 24, 35, 7600, 14),
('8990001014023', 'Selang Tukang Tipis @cm', 10, 20, 6765, 14),
('8990001015001', 'Kabel Tie 2,5 x 150 mm', 40, 200, 0, 15),
('8990001015002', 'Kabel Tie 2,5 x 100 Koala', 30, 200, 370, 15),
('8990001015003', 'Kabel Tie 5 x 250 mm prohex @ bh', 190, 500, 131, 15),
('8990001015004', 'Kabel Tie Warna', 95, 300, 431, 15),
('8990001015005', 'Klem Pipa Antenna Stainless Kuning', 14000, 20000, 2, 15),
('8990001015006', 'Klem Pipa Antenna Stainless Putih', 14000, 20000, 3, 15),
('8990001015007', 'Klem pipa pvc 1', 1400, 2000, -35, 15),
('8990001015008', 'Klem pipa pvc 1 (lama/hijau)', 400, 1500, 90, 15),
('8990001015009', 'Klem pipa pvc 1/2', 564, 800, 348, 15),
('8990001015010', 'Klem pipa pvc 3/4 SCG/biasa', 582, 1000, 495, 15),
('8990001015011', 'Klem Pipa Stainless 1', 750, 2000, 9, 15),
('8990001015012', 'Klem Pipa Stainless 1 1/2\"', 2700, 4000, 65, 15),
('8990001015013', 'Klem Pipa Stainless 1 1/4\"', 1000, 3000, 69, 15),
('8990001015014', 'Klem Pipa Stainless 1/2\"', 800, 2000, 175, 15),
('8990001015015', 'Klem Pipa Stainless 2 1/2\"', 4000, 7000, 29, 15),
('8990001015016', 'Klem Pipa Stainless 2\"', 2195, 5000, 24, 15),
('8990001015017', 'Klem Pipa Stainless 3\"', 4220, 8000, 40, 15),
('8990001015018', 'Klem Pipa Stainless 3/4\"', 669, 2000, 33, 15),
('8990001015019', 'Klem Pipa Stainless 4\"', 5533, 10000, 1, 15),
('8990001015020', 'Klem Selang Stainless 1\"', 946, 3000, 29, 15),
('8990001015021', 'Klem Selang Stainless 1/2\"', 820, 3000, -20, 15),
('8990001015022', 'Klem Selang Stainless 2\"', 1890, 6000, 98, 15),
('8990001015023', 'Klem Selang Stainless 3\"', 2635, 5000, 11, 15),
('8990001015024', 'Klem Selang Stainless 3/4\"', 550, 3000, 20, 15),
('8990001016001', 'Affour BCP 1 1/2\" Kecil', 3200, 8000, 1, 16),
('8990001016002', 'Bak cuci piring 1 lbg + affour', 120000, 160000, 0, 16),
('8990001016003', 'Bak cuci piring 2 lbg + afour', 300000, 375000, 0, 16),
('8990001016004', 'Bak Cuci Piring Prestille', 120000, 160000, 0, 16),
('8990001016005', 'BCP + Rak Urban Fullset', 650000, 700000, 0, 16),
('8990001016006', 'Bola Bola Pelampung Amico', 22000, 35000, 0, 16),
('8990001016007', 'Buangan Air Bak PVC Kecil', 2500, 8000, 0, 16),
('8990001016008', 'Kran Angsa Onda 628 TLG', 119000, 150000, 0, 16),
('8990001016009', 'Kran Angsa Onda 632 CA', 86000, 110000, 0, 16),
('8990001016010', 'Kran Angsa PVC Soselid', 23000, 45000, 0, 16),
('8990001016011', 'Kran Angsa Stainless Sanitari Bung', 25000, 45000, 0, 16),
('8990001016012', 'Kran BCP Flexibel Mave', 85000, 120000, 0, 16),
('8990001016013', 'Kran Angsa BCP pvc SKT', 20000, 35000, 7, 16),
('8990001016014', 'Kran Bunga F11 1/2\"', 13500, 20000, 0, 16),
('8990001016015', 'Kran Cabang Fiorentina 422B 102', 53000, 70000, 0, 16),
('8990001016016', 'Kran Cabang Freed/Lupex pvc', 22500, 35000, 1, 16),
('8990001016017', 'Kran Cabang Onda JF 09 LA 1/2', 68120, 80000, 15, 16),
('8990001016018', 'Kran Cabang Onda JF 08 ST 1/2', 63323, 85000, 14, 16),
('8990001016019', 'Kran Cabang Onda JF13TB', 37850, 45000, 0, 16),
('8990001016020', 'Kran Cabang Stainless SKL/Engkol 1/', 48000, 65000, 5, 16),
('8990001016021', 'Kran KUBM 1/2\"', 11625, 18000, 0, 16),
('8990001016022', 'Kran Kuningan 3/4\"', 15000, 18000, 3, 16),
('8990001016023', 'Kran Onda Stainless A812 CIS', 22400, 35000, 1, 16),
('8990001016024', 'Kran PVC 1/2 Howe', 5500, 8000, 3, 16),
('8990001016025', 'Kran PVC 1/2 Warna', 2500, 6000, 1, 16),
('8990001016026', 'Kran PVC 1/2\"', 5309, 8000, 110, 16),
('8990001016027', 'Kran PVC 1/2\" Dcota/Power', 15399, 23000, 53, 16),
('8990001016028', 'Kran PVC 1/2\" Power Biasa', 5000, 10000, 0, 16),
('8990001016029', 'Kran PVC 3/4 Warna', 3350, 6000, 3, 16),
('8990001016030', 'Kran PVC 3/4\"', 5822, 8000, 59, 16),
('8990001016031', 'Kran PVC Ipex 1/2\"', 7100, 14000, 2, 16),
('8990001016032', 'Kran Sanitary Faucetware', 4850, 8000, 0, 16),
('8990001016033', 'Kran Shower Onda JF14-BB', 28425, 40000, 0, 16),
('8990001016034', 'Kran Shower Onda SO232 PW', 78440, 95000, 0, 16),
('8990001016035', 'Kran Shower Stainless SKL', 21000, 30000, 0, 16),
('8990001016036', 'Kran Stainless 1/2 \" Best', 12500, 20000, 0, 16),
('8990001016037', 'Kran Stainless 1/2\" Taho', 22500, 30000, 16, 16),
('8990001016038', 'Kran Stainless 3/4\" Toho TL8003', 22500, 30000, 4, 16),
('8990001016039', 'Kran Wastafel Fio', 31000, 45000, 2, 16),
('8990001016040', 'Kran Wastafel Onda Y318CA', 45000, 55000, 6, 16),
('8990001016041', 'Kran Wastafel PVC 6 Watertec', 28500, 40000, 3, 16);
INSERT INTO `barang` (`idbarang`, `nm_barang`, `hrg_modal`, `hrg_satuan`, `stok`, `idkategori`) VALUES
('8990001016042', 'Saringan BCP pvc YahomuraTechplast/', 16083, 28000, 15, 16),
('8990001016043', 'Saringan BCP Kedeng/YSK Stainless', 28000, 45000, 10, 16),
('8990001016044', 'Saringan km Besi CML/NKA ktk bening', 44000, 70000, 6, 16),
('8990001016045', 'Saringan Kamar Mandi PVC', 1931, 7000, 67, 16),
('8990001016046', 'Saringan Kamar Mandi ss YSK 4\" Blis', 28000, 40000, 5, 16),
('8990001016047', 'Saringan Kamar Mandi PVC Tulip', 12500, 15000, 3, 16),
('8990001016048', 'Saringan KM ss ktk biru ss-1700/Nis', 41325, 65000, 8, 16),
('8990001016049', 'Sealtape Fit/Homecare/ATS/VPR', 1855, 4000, 206, 16),
('8990001016050', 'Sealtape Onda Besar', 3200, 6000, 0, 16),
('8990001016051', 'Sealtape SBS ptfe/Token', 750, 2000, 6, 16),
('8990001016052', 'Selang Flexibl Soligen 60 cm/fioren', 24111, 35000, 2, 16),
('8990001016053', 'Selang Flexibel PVC New Sanho', 14000, 17000, 2, 16),
('8990001016054', 'Selang Shower 1,5 Mtr', 20500, 35000, 0, 16),
('8990001016055', 'Semprotan Air Kuningan Doyo/Nisho/D', 14397, 20000, 7, 16),
('8990001016056', 'Semprotan Air PVC Hona', 8500, 15000, 2, 16),
('8990001016057', 'Shower Cebok Onda', 36000, 85000, -1, 16),
('8990001016058', 'Shower Cebok Watertec', 56000, 75000, 0, 16),
('8990001016059', 'Shower Mandi Lucky Pro', 37500, 45000, 2, 16),
('8990001016060', 'Sifon PVC', 15000, 20000, 2, 16),
('8990001017001', 'Tali Jemuran 3 mm', 5500, 8000, 8, 17),
('8990001017002', 'Tali Jemuran 4 mm @ 5 mtr', 3000, 6000, 0, 17),
('8990001017003', 'Tali Nilon Fishing 21\"/1/2 mm Pengu', 6000, 10000, 17, 17),
('8990001017004', 'Tali Nilon 2 mm United', 7100, 10000, 0, 17),
('8990001017005', 'Tali Nilon 6 mm Triliun', 23000, 30000, 0, 17),
('8990001017006', 'Tali Nilon 7 mm Triliun', 33000, 38000, 0, 17),
('8990001017007', 'Tali Nilon 6 mm biru/Putih @cm', 8, 20, 5200, 17),
('8990001017008', 'Tali nilon 8 mm hijau kurik @cm/hab', 14, 25, 0, 17),
('8990001017009', 'Tali Nilon 8 mm Putih @cm', 13, 25, 14200, 17),
('8990001017010', 'Tali timba karet @cm', 15, 30, 0, 17),
('8990001018001', 'Double Tape 1\"', 3500, 8000, 3, 18),
('8990001018002', 'Isolasi Jilid Hitam Kecil', 7000, 10000, 4, 18),
('8990001018003', 'Isolasi Home Care/Unibel Besar', 4891, 10000, -7, 18),
('8990001018004', 'Isolasi Unibel Kecil', 1944, 4000, 67, 18),
('8990001018005', 'Lakban Bening Besar HomeCare/Daimar', 6291, 13000, 1, 18),
('8990001018006', 'Lakban Coklat Besar Homecare/Daimar', 8378, 15000, 3, 18),
('8990001018007', 'Lem Dextone 5 Menit Dextone/Handsom', 9465, 15000, 18, 18),
('8990001018008', 'Lem Dextone Biasa', 9833, 13000, 5, 18),
('8990001018009', 'Lem Fox Putih 500 gr', 15500, 20000, 0, 18),
('8990001018010', 'Lem Fox Tin 70 gr', 6233, 10000, 7, 18),
('8990001018011', 'Lem Isarplast Tube', 6167, 8000, 0, 18),
('8990001018012', 'Lem Kertas 1 Nachi/Home Care/Daimar', 6056, 10000, 120, 18),
('8990001018013', 'Lem Lilin', 1516, 3000, 13, 18),
('8990001018014', 'Lem Putih  350 gr Maxi', 8659, 12000, 133, 18),
('8990001018015', 'Lem Putih Onda 1 kg', 10000, 16000, 0, 18),
('8990001018016', 'Lem PVC 100 gr PVCPlast/Qplast', 10491, 15000, 3, 18),
('8990001018017', 'Lem PVC 300 gr Intilon', 22000, 30000, 0, 18),
('8990001018018', 'Lem PVC 300 gr Isarplast', 39975, 50000, 10, 18),
('8990001018019', 'Lem kaca Dobelsil botol', 23500, 30000, 2, 18),
('8990001018020', 'Lem Sealant Red Silicone Kecil', 3875, 6000, 0, 18),
('8990001018021', 'Lem kaca Sealant Handsome/Dextone/S', 10548, 15000, 21, 18),
('8990001018022', 'Lem seng perfect mini', 7250, 12000, 2, 18),
('8990001018023', 'Lem Serba Guna', 7000, 10000, 22, 18),
('8990001019001', 'Bola Lampu Senter', 1000, 2000, 115, 19),
('8990001019002', 'Boster Antena (rusak)', 35000, 40000, 1, 19),
('8990001019003', 'Boster Vesonic', 35000, 40000, 2, 19),
('8990001019004', 'Mangkok Listrik Hitam', 748, 1000, 101, 19),
('8990001019005', 'Box MCB 1 group/Lbg Erke', 2200, 5000, 12, 19),
('8990001019006', 'Box MCB 2 Lbg', 2000, 5000, 0, 19),
('8990001019007', 'Box Saklar Panasonic hitam', 2765, 5000, 75, 19),
('8990001019008', 'Box Saklar Deka', 2400, 4000, 6, 19),
('8990001019009', 'Box Saklar Putih tebal Hiro', 3000, 5000, 27, 19),
('8990001019010', 'Elbow Listrik hitam', 353, 1000, 787, 19),
('8990001019011', 'Fiting Gantung Amasco/Shukaku/DEKA ', 5026, 10000, 44, 19),
('8990001019012', 'Fiting Kombinasi Visalux/DEKA MS DK', 7371, 12000, 12, 19),
('8990001019013', 'Fiting Gantung Visalux/Kyowa/Omi', 3605, 8000, 18, 19),
('8990001019014', 'Fiting Kombinasi Meiko', 3000, 8000, 18, 19),
('8990001019015', 'Fiting Plafon Camry', 2900, 6000, 0, 19),
('8990001019016', 'Fiting Plafon Hensonic/DEKA Besar 8', 5600, 10000, 7, 19),
('8990001019017', 'Fiting Plafon Murator', 1000, 3000, 0, 19),
('8990001019018', 'Fiting Plafon Okachi Besar', 6600, 10000, 0, 19),
('8990001019019', 'Fiting Plafon Okachi Kecil', 5350, 8000, 0, 19),
('8990001019020', 'Fiting Plafon Voltama', 1700, 3000, 3, 19),
('8990001019021', 'Fiting Plafon Starindo/VYBA NCE 205', 7300, 12000, 0, 19),
('8990001019022', 'Fiting Plafon VYBA NCE 206N', 7500, 12000, 0, 19),
('8990001019023', 'Fiting Plafon Zodiac', 2000, 5000, 0, 19),
('8990001019024', 'Fiting Steker', 2500, 6000, 32, 19),
('8990001019025', 'Kabel HYM putih 2x0,75 Mika/Pesona/', 31, 50, 0, 19),
('8990001019026', 'Kabel Antena Tokyul @rol', 7500, 10000, 1, 19),
('8990001019027', 'Kabel Box Morita 10 M', 22000, 30000, 0, 19),
('8990001019028', 'Kabel NYA 1,5 Badalek @cm', 16, 28, 0, 19),
('8990001019029', 'Kabel NYA 1,5 I-best @cm', 16, 25, 727, 19),
('8990001019030', 'Kabel NYA 1-1,5 Lisonic @cm', 8, 20, 19900, 19),
('8990001019031', 'Kabel NYA 2,5 Badalek @cm', 26, 38, 0, 19),
('8990001019032', 'Kabel NYA 2,5 Hensonic @cm', 23, 35, 0, 19),
('8990001019033', 'Kabel NYA 4 Eterna @cm', 37, 60, 1100, 19),
('8990001019034', 'Kabel NYM 2 x 1,5 CYY @cm', 31, 50, 0, 19),
('8990001019035', 'Kabel NYM 2 x 1,5 Hensonic/Tajimaco', 63, 80, 2040, 19),
('8990001019036', 'Kabel NYM 2 x 1,5 Kioto @cm', 28, 40, 0, 19),
('8990001019037', 'Kabel NYM 2 x 2,5 CYY @cm', 39, 60, 0, 19),
('8990001019038', 'Kabel NYM 3 x 2,5 Badalek @cm', 89, 120, 818, 19),
('8990001019039', 'Kabel NYZ 2 x 23 Deka @cm', 12, 25, 1700, 19),
('8990001019040', 'Kabel Speaker', 6000, 10000, 4, 19),
('8990001019041', 'Kabel Sterika Shinyoku', 8500, 15000, 11, 19),
('8990001019042', 'Kabel Trans 2 x 80 @cm Blazer', 22, 30, 523, 19),
('8990001019043', 'Kabel Twisted 2 x 10 mm Morton @cm', 28, 50, 1800, 19),
('8990001019044', 'Kap Lampu Jalan Bulat + Fiting Mat', 21750, 40000, 3, 19),
('8990001019045', 'Kayu Roset', 100, 1000, 191, 19),
('8990001019046', 'Klem Kabel 7 DEKA', 7200, 12000, 1, 19),
('8990001019047', 'Klem pipa listrik 17 Sunkai/Dutamas', 7458, 12000, 12, 19),
('8990001019048', 'Lampu DEKA 14 W', 18800, 26000, 0, 19),
('8990001019049', 'Lampu DEKA 18 W', 22800, 30000, 3, 19),
('8990001019050', 'Lampu DEKA 25 W', 24300, 32000, 0, 19),
('8990001019051', 'Lampu DEKA 35 W', 26900, 35000, 0, 19),
('8990001019052', 'Lampu DEKA 42 W', 33400, 45000, 0, 19),
('8990001019053', 'Lampu DEKA 5 W', 17200, 22000, 2, 19),
('8990001019054', 'Lampu DEKA 8 W', 17200, 23000, 0, 19),
('8990001019055', 'Lampu Hannoch 23 W', 27000, 33000, 0, 19),
('8990001019056', 'Lampu Hannoch 5 W', 18500, 24000, 0, 19),
('8990001019057', 'Lampu Hannoch 8 W', 19500, 25000, 4, 19),
('8990001019058', 'Lampu Philip 20 W', 33300, 42000, 0, 19),
('8990001019059', 'Lampu Philip 24 W', 38800, 48000, 0, 19),
('8990001019060', 'Lampu Philip 5 W', 22563, 28000, 6, 19),
('8990001019061', 'Lampu Philip 8 W', 25128, 30000, 4, 19),
('8990001019062', 'Lampu Philip 23 W', 39235, 44000, 0, 19),
('8990001019063', 'Lampu Twin Dog', 4250, 8000, 0, 19),
('8990001019064', 'MCB 10 A Vyba/Matsuka', 17500, 22000, 4, 19),
('8990001019065', 'MCB 2 A New Palas', 8500, 15000, 7, 19),
('8990001019066', 'MCB 4 A Vyba/Okachi', 17500, 22000, 10, 19),
('8990001019067', 'MCB 6 A/10 A Meiko/Wanda', 12600, 18000, 10, 19),
('8990001019068', 'Rolen Kabel Listrik', 140, 500, 65, 19),
('8990001019069', 'S/E DEKA MS DK-2200 (saklar utk din', 5900, 10000, 6, 19),
('8990001019070', 'S/S IB/OB Meiko 8811(Saklar seri)', 7750, 15000, 15, 19),
('8990001019071', 'Saklar Engkel Broco Tebal', 14000, 20000, 2, 19),
('8990001019072', 'Saklar Engkel DEKA MS DK-3007 (titi', 5600, 12000, 3, 19),
('8990001019073', 'Saklar Engkel DEKA/Twindog 5001 (se', 9664, 15000, 12, 19),
('8990001019074', 'Saklar Engkel IB/OB Meiko 881', 6000, 13000, 20, 19),
('8990001019075', 'Saklar Engkel DEKA Segi', 7000, 13000, 0, 19),
('8990001019076', 'Saklar Engkel VYBA', 5950, 10000, 0, 19),
('8990001019077', 'Saklar Gantung Warna', 2824, 4000, 44, 19),
('8990001019078', 'Saklar Seri Broco Tebal', 15940, 23000, 11, 19),
('8990001019079', 'Saklar Seri Broco Tipis', 8000, 12000, 2, 19),
('8990001019080', 'Saklar Seri Bulat Hitam DEKA', 5850, 10000, 8, 19),
('8990001019081', 'Saklar Seri Bulat Hitam Omi', 3500, 6000, 6, 19),
('8990001019082', 'Saklar Seri DEKA MS DK-3009 (titik)', 8000, 14000, 6, 19),
('8990001019083', 'Saklar Seri DEKA/Twindog 5002 (segi', 13412, 18000, 8, 19),
('8990001019084', 'Saklar Seri DEKA Tipis', 11000, 15000, 1, 19),
('8990001019085', 'Saklar Seri Kyowa', 3000, 8000, 8, 19),
('8990001019086', 'Saklar Seri Piano', 2000, 5000, 4, 19),
('8990001019087', 'Saklar Seri Sunfree', 3500, 7000, 9, 19),
('8990001019088', 'Saklar Seri OB Meiko 8811/kosong', 7500, 14000, 0, 19),
('8990001019089', 'Saklar Triple DEKA MS DK-3011 (titi', 9400, 16000, 10, 19),
('8990001019090', 'Saklar Engkel Broco Tebal', 8600, 13000, 6, 19),
('8990001019091', 'Saklar VYBA 3 Titik Tripel Lama', 10000, 15000, 0, 19),
('8990001019092', 'Steker DEKA/Shukaku/Visalux Bulat', 6000, 10000, 57, 19),
('8990001019093', 'Steker + Lampu Tofuda/Kyowa-342', 9500, 15000, 20, 19),
('8990001019094', 'Steker+Switch+Lampu Deka/Visalux', 10909, 15000, 12, 19),
('8990001019095', 'Steker Bulat Takeda/VYBA', 3952, 8000, 16, 19),
('8990001019096', 'Steker Homman', 1248, 4000, 1, 19),
('8990001019097', 'Steker Platinum', 1300, 3000, 412, 19),
('8990001019098', 'Steker T serbaguna Meiko/TRM Bulat', 8853, 15000, 11, 19),
('8990001019099', 'Steker T multi Takeda', 4500, 8000, 19, 19),
('8990001019100', 'Steker Serbaguna Takeda/DEKA 8349', 8500, 16000, 12, 19),
('8990001019101', 'Steker Stop Kontak Gepeng 5 Lbg', 11000, 15000, 0, 19),
('8990001019102', 'Steker T 3 lbg DEKA/Visalux 8822', 18495, 25000, 5, 19),
('8990001019103', 'Steker T Arde DEKA + Lampu', 13500, 18000, 2, 19),
('8990001019104', 'Stop Kontak + SE Deka', 8100, 13000, 0, 19),
('8990001019105', 'Stop Kontak 2 Lbg + switch Deka', 18500, 23000, 0, 19),
('8990001019106', 'Stop Kontak 2 Lbg Visalux/DEKA 6002', 11600, 16000, 0, 19),
('8990001019107', 'Stop Kontak 3 Lbg + switch + Kabel', 12800, 18000, 1, 19),
('8990001019108', 'Stop Kontak 4 Lubang Visalux/Deka', 18438, 25000, 0, 19),
('8990001019109', 'Stop Kontak Alfa Hitam Bulat', 1500, 5000, 3, 19),
('8990001019110', 'Stop Kontak Broco Tebal', 15000, 22000, 33, 19),
('8990001019111', 'Stop kontak DEKA 4 lbg + switch', 22300, 29000, 1, 19),
('8990001019112', 'Stop Kontak IB/OB Meiko Lebar/Segi ', 7500, 14000, 15, 19),
('8990001019113', 'Stop kontak DEKA MS DK 5338 / Lebar', 8300, 14000, 0, 19),
('8990001019114', 'Stop kontak Uticon/DEKA 1lbg petak', 7556, 12000, 25, 19),
('8990001019115', 'Stop kontak DEKA/Twindog 5010 (segi', 12500, 17000, 6, 19),
('8990001019116', 'Stop Kontak Gepeng 2 Lbg', 1100, 5000, 4, 19),
('8990001019117', 'Stop Kontak Gepeng 4 Lbg', 3500, 8000, 24, 19),
('8990001019118', 'Stop Kontak Gepeng RRT 2 Lbg + Kabe', 6500, 10000, 10, 19),
('8990001019119', 'Stop Kontak Gepeng Suny 4 Lbg + Kab', 8500, 12000, 6, 19),
('8990001019120', 'Stop Kontak Gepeng Suny 5 Lbg + Kab', 10500, 15000, 4, 19),
('8990001019121', 'Stop Kontak Omi Kotak', 3200, 6000, 2, 19),
('8990001019122', 'Stop Kontak Tebal DL 4 Lbg + kabel', 14000, 22000, 1, 19),
('8990001019123', 'Stop Kontak Visalux/VYBA', 13600, 20000, 33, 19),
('8990001019124', 'Teedos listrik Arrow', 981, 2000, 109, 19),
('8990001019125', 'Tespen MEIKE', 7500, 12000, 1, 19),
('8990001019126', 'Tespen Rocia/Stanvick', 3500, 8000, 5, 19),
('8990001020001', 'Dinabolt 10 x 65', 2115, 3200, 129, 20),
('8990001020002', 'Dinabolt 12 x 60', 2000, 3000, 14, 20),
('8990001020003', 'Dinabolt 8 x 40', 879, 2000, 461, 20),
('8990001020004', 'Dinabolt 8 x 70', 750, 2000, 11, 20),
('8990001020005', 'Fisher 6 Mundex', 46, 100, 0, 20),
('8990001020006', 'Fisher 8 Tip Top', 115, 200, 0, 20),
('8990001020007', 'Gantungan Hock Besar no.16', 1100, 3000, 5, 20),
('8990001020008', 'Gantungan Hock Kecil No.3 @ bh', 55, 500, 16, 20),
('8990001020009', 'Gantungan Hock No.10', 400, 2000, 57, 20),
('8990001020010', 'Gantungan Hock No.8', 400, 2000, 94, 20),
('8990001020011', 'Klahar artco', 5099, 8000, 28, 20),
('8990001020012', 'Plat Gerobak Artco', 12500, 20000, 2, 20),
('8990001020013', 'Baut Rofing 10 x 16 Phoenix @ ktk', 118000, 160000, 10, 20),
('8990001020014', 'Skrup Gypsum 6 x 1 SBS', 57, 125, 599, 20),
('8990001020015', 'Skrup kayu 1 1/2 x 8', 5250, 8000, 4, 20),
('8990001020016', 'Skrup kayu 1 1/4 x 7', 4700, 7000, 4, 20),
('8990001020017', 'Skrup kayu 1 x 6 Fit', 5800, 10000, 8, 20),
('8990001020018', 'Skrup kayu 3/4 x 6', 4877, 8000, 17, 20),
('8990001020019', 'Skrup kayu 5/8 x 5', 2500, 6000, 10, 20),
('8990001020020', 'Skrup Super Panel GRC', 320, 450, 1021, 20),
('8990001020021', 'Sumbu As Gerobak', 7500, 12000, 4, 20),
('8990001021001', 'Corong Talang Bulat', 22000, 28000, 11, 21),
('8990001021002', 'Corong Talang Petak', 8254, 14000, 28, 21),
('8990001021003', 'Dop 2 1/2\"', 3506, 6000, 32, 21),
('8990001021004', 'Dop 2\"', 2660, 5000, 43, 21),
('8990001021005', 'Dop 3\" Grest', 3462, 7000, 174, 21),
('8990001021006', 'Dop 4\" Grest/Aero', 4802, 9000, 130, 21),
('8990001021007', 'Dop Drat 3/4 dalam', 800, 3000, -1, 21),
('8990001021008', 'Dop Drat Dalam 1\"', 1200, 3000, 18, 21),
('8990001021009', 'Dop Drat Dalam 1/2\"', 500, 3000, 146, 21),
('8990001021010', 'Dop Drat Dalam 3/4\"', 800, 3000, 150, 21),
('8990001021011', 'Dop Drat Luar 1\"', 1300, 3000, 35, 21),
('8990001021012', 'Dop Drat Luar 1/2\"', 525, 3000, 56, 21),
('8990001021013', 'Dop Drat Luar 3/4\"', 902, 3000, 40, 21),
('8990001021014', 'Dop Pipa PVC 2\" Jaya', 3250, 5000, 106, 21),
('8990001021015', 'Dop Polos 3/4', 1052, 3000, 83, 21),
('8990001021016', 'Dop polos 1\" pvc', 1555, 3000, 59, 21),
('8990001021017', 'Dop PVC Polos 1/2\"', 643, 3000, 75, 21),
('8990001021018', 'Drat Tangki 3/4\"', 10000, 15000, -2, 21),
('8990001021019', 'Elbow 1 1/2\" Langgeng/habis', 3450, 5000, 0, 21),
('8990001021020', 'Elbow 1 1/2\" SLG/habis', 4300, 7000, 0, 21),
('8990001021021', 'Elbow 1 1/2\" Supra/grest', 1757, 4000, 23, 21),
('8990001021022', 'Elbow 1 1/2\" Triliun', 1304, 4000, 63, 21),
('8990001021023', 'Elbow 1 1/2\" Wahana', 1200, 4000, 5, 21),
('8990001021024', 'Elbow 1 1/4\" Langgeng', 1200, 4000, 141, 21),
('8990001021025', 'Elbow 1 1/4\" SLG', 4450, 6000, 25, 21),
('8990001021026', 'Elbow 1\" SCG/Vinilon/Power', 3228, 5000, 100, 21),
('8990001021027', 'Elbow 1/2 Aero', 700, 2000, 0, 21),
('8990001021028', 'Elbow 1/2\"', 1000, 2000, 0, 21),
('8990001021029', 'Elbow 1/2\" Supra/habis', 1000, 2000, 0, 21),
('8990001021030', 'Elbow 2 1/2\" Super', 3000, 6000, 0, 21),
('8990001021031', 'Elbow 2 1/2\" Supra', 4250, 7000, 0, 21),
('8990001021032', 'Elbow 2\" SLG', 3950, 6000, 0, 21),
('8990001021033', 'Elbow 2\" Supra/Grest', 3114, 5000, 161, 21),
('8990001021034', 'Elbow 2\" Triliun', 2100, 5000, 0, 21),
('8990001021035', 'Elbow 3\" Supra', 6250, 8000, 0, 21),
('8990001021036', 'Elbow 3/4 Biasa', 800, 2000, 29, 21),
('8990001021037', 'Elbow 3/4\" Grest', 1100, 2500, 0, 21),
('8990001021038', 'Elbow 3/4\" Triliun', 1000, 2500, 0, 21),
('8990001021039', 'Elbow 4\" H', 6000, 10000, 0, 21),
('8990001021040', 'Elbow 4\" SLG', 19300, 22000, 1, 21),
('8990001021041', 'Elbow 4\" Wahana', 5500, 10000, 0, 21),
('8990001021042', 'Elbow Drat 1\"', 2800, 4000, -2, 21),
('8990001021043', 'Elbow Drat Dalam 1/2', 1050, 3000, 309, 21),
('8990001021044', 'Elbow Drat Dalam 1/2 x 3/4', 1570, 3000, 108, 21),
('8990001021045', 'Elbow Drat Dalam 1/2\" Kuningan', 7015, 12000, 25, 21),
('8990001021046', 'Elbow Drat Dalam 2\" Besi', 35000, 40000, 2, 21),
('8990001021047', 'Elbow Drat Dalam 3/4\" Vinilon/power', 2317, 4000, 190, 21),
('8990001021048', 'Elbow Drat Dalam 3/4\" Biasa', 1200, 3000, 162, 21),
('8990001021049', 'Elbow Drat Dalam 3/4\" Kuningan', 8000, 14000, 25, 21),
('8990001021050', 'Elbow Talang Petak/habis', 5000, 8000, 0, 21),
('8990001021051', 'Fokring PVC 1/2\" x 3/4', 900, 3000, -10, 21),
('8990001021052', 'Fokring Stainless 1/2\" x 3/4\"', 6471, 15000, 18, 21),
('8990001021053', 'Gantungan Talang Bulat', 3500, 5000, 33, 21),
('8990001021054', 'Gantungan talang petak besi', 1900, 5000, 0, 21),
('8990001021055', 'Gantungan Talang Stainless', 2514, 5000, 239, 21),
('8990001021056', 'Klep Kuningan 3/4 Holy/HSJ/Nato/Ame', 21308, 35000, 15, 21),
('8990001021057', 'Klep Kuningan 3/4 VPR/Ernesto/SJT/N', 20429, 28000, 0, 21),
('8990001021058', 'Klep Kuningan 1 VPR/York/Brachi', 24000, 40000, 8, 21),
('8990001021059', 'Klep PVC 1\" Jumbo Finn', 9500, 18000, 17, 21),
('8990001021060', 'Klep PVC 1\" Jumbo HPp', 8000, 14000, 5, 21),
('8990001021061', 'Klep PVC 3/4 Best', 4500, 10000, 5, 21),
('8990001021062', 'Klep PVC 3/4 Jumbo ELFA', 12500, 15000, 2, 21),
('8990001021063', 'Klep PVC Besko 1\"', 7250, 10000, 7, 21),
('8990001021064', 'Klep PVC Besko 3/4\"', 5478, 8000, 4, 21),
('8990001021065', 'Mor Komplet Sanyo', 8000, 15000, 0, 21),
('8990001021066', 'Neppel 1\"', 2300, 5000, 94, 21),
('8990001021067', 'Neppel 1/2\"', 1200, 3000, 65, 21),
('8990001021068', 'Neppel 3/4\"', 1950, 4000, 87, 21),
('8990001021069', 'Operan 2 x 1 1/2\" Power AW', 7742, 12000, 33, 21),
('8990001021070', 'Operan 1 1/4\" x 1/2\"', 1200, 4000, 52, 21),
('8990001021071', 'Operan 1 1/4\" x 3/4\"', 1300, 4000, 4, 21),
('8990001021072', 'Operan 1 x 1/2\" SLG', 1100, 4000, 304, 21),
('8990001021073', 'Operan 1 x 3/4', 1418, 4000, 295, 21),
('8990001021074', 'Operan 1/2\" x 3/4\"', 1370, 3000, 1075, 21),
('8990001021075', 'Operan 2 1/2 x 1 1/2\" SCG D', 4875, 8000, 68, 21),
('8990001021076', 'Operan 2 x 1 1/4\"', 5750, 10000, 0, 21),
('8990001021077', 'Operan 2 x 1\"', 3600, 6000, 1, 21),
('8990001021078', 'Operan 2 x 1/2\"', 1700, 4000, 4, 21),
('8990001021079', 'Operan 2 x 3/4\"', 2500, 5000, 0, 21),
('8990001021080', 'Operan 3 x 2\" Grest/SLG', 2800, 7000, 165, 21),
('8990001021081', 'Operan 3 x 2 SCG', 6375, 10000, 17, 21),
('8990001021082', 'Operan 3x 2 1/2\" Langgeng/Grest', 3150, 8000, 200, 21),
('8990001021083', 'Operan 4 x 2\" Wahana', 4000, 8000, 20, 21),
('8990001021084', 'Operan 4\" x 3\"', 4896, 10000, 48, 21),
('8990001021085', 'Sambungan Selang PVC', 1200, 3000, 5, 21),
('8990001021086', 'SDD 1\"', 2000, 4000, 40, 21),
('8990001021087', 'SDD 1/2 x 1\"', 2000, 3000, 28, 21),
('8990001021088', 'SDD 1/2\"', 750, 3000, 7, 21),
('8990001021089', 'SDD 1/2\" Kuningan', 6500, 14000, 31, 21),
('8990001021090', 'SDD 1/2\" x 3/4\"', 1227, 3000, 382, 21),
('8990001021091', 'SDD 3/4\"', 900, 3000, 443, 21),
('8990001021092', 'SDD 3/4\" Kuningan', 7897, 14000, 50, 21),
('8990001021093', 'SDD 3/4\" Triliun', 1000, 3000, 176, 21),
('8990001021094', 'SDD 3/4\" Vinilon/Power', 1851, 3000, 169, 21),
('8990001021095', 'SDL 1\"', 1730, 4000, 85, 21),
('8990001021096', 'SDL 1', 1908, 4000, 0, 21),
('8990001021097', 'SDL 1/2\"', 750, 2500, 181, 21),
('8990001021098', 'SDL 2\" Rucika/habis', 5350, 7000, 0, 21),
('8990001021099', 'SDL 3/4\" Rucika/habis', 950, 3000, 0, 21),
('8990001021100', 'SDL 3/4\" Intilon/SCG/Lgg', 1368, 3000, 659, 21),
('8990001021101', 'Soket 1 1/2\"', 1350, 4000, 128, 21),
('8990001021102', 'Soket 1 1/2\" Wahana', 1400, 4000, 63, 21),
('8990001021103', 'Soket 1\" Bagus', 1500, 4000, 29, 21),
('8990001021104', 'Soket 1\" Biasa', 1100, 3000, 2, 21),
('8990001021105', 'Soket 1/2\"', 1361, 3000, 525, 21),
('8990001021106', 'Soket 2 1/2\" Triliun/SCG/Supra', 2556, 6000, 252, 21),
('8990001021107', 'Soket 2\"', 1400, 5000, 223, 21),
('8990001021108', 'Soket 3\" Triliun/Supra', 2859, 7000, 72, 21),
('8990001021109', 'Soket 3/4\" Rucika/Triliun', 1800, 4000, 226, 21),
('8990001021110', 'Soket 3/4\" Biasa', 765, 2000, 389, 21),
('8990001021111', 'Soket 3/4\" SCG/Vinilon/Power', 1622, 3000, 133, 21),
('8990001021112', 'Soket 4\"', 11386, 15000, 7, 21),
('8990001021113', 'Soket Drat/sokran Stainless 1/2\"', 10753, 15000, 10, 21),
('8990001021114', 'Soket Talang Petak', 1850, 5000, 4, 21),
('8990001021115', 'Stopkran 1\" KDJ', 12350, 20000, 0, 21),
('8990001021116', 'Stopkran Drat 1/2\" Besi Gagang Ka', 5000, 12000, 4, 21),
('8990001021117', 'Stopkran PVC 1\" Honsu/Wellup/Solige', 12846, 18000, 0, 21),
('8990001021118', 'Stopkran PVC 1\" HPp', 9000, 13000, 1, 21),
('8990001021119', 'Stopkran PVC 3/4\" Cisal/Honsu', 6308, 13000, 2, 21),
('8990001021120', 'Stopkran PVC 3/4\" Owner/HPp/Lafuma', 8000, 15000, 3, 21),
('8990001021121', 'Stopkran PVC gg Besi 1\" Komodo/SJT', 18500, 28000, 13, 21),
('8990001021122', 'Stopkran PVC gg Besi 1/2\" HPP/Orest', 8667, 18000, 12, 21),
('8990001021123', 'Stopkran PVC gg Besi 3/4\" HPP/MDN/C', 9643, 20000, 15, 21),
('8990001021124', 'Stopkran gg Besi 3/4\" CAB/SJT', 11800, 18000, 3, 21),
('8990001021125', 'Stopkran Tanam 1/2\" Besi', 60000, 75000, 0, 21),
('8990001021126', 'Tee \"2 SLG', 5300, 10000, 65, 21),
('8990001021127', 'Tee 1 1/2\" Grest/Wahana', 3795, 7000, 68, 21),
('8990001021128', 'Tee 1 1/4\" SLG', 6200, 10000, 24, 21),
('8990001021129', 'Tee 1\" SLG/habis', 2900, 5000, 0, 21),
('8990001021130', 'Tee 1\" Wahana', 1350, 4000, 20, 21),
('8990001021131', 'Tee 1/2\"', 1300, 3000, 0, 21),
('8990001021132', 'Tee 1/2\" Aero', 1000, 3000, 0, 21),
('8990001021133', 'Tee 1/2\" SLG', 1100, 3000, 0, 21),
('8990001021134', 'Tee 1/2\" Triliun/habis', 950, 3000, 0, 21),
('8990001021135', 'Tee 1/2\" x 3/4\" SLG / habis', 1500, 4000, 0, 21),
('8990001021136', 'Tee 2 1/2\" Supra/Grest', 6898, 12000, 10, 21),
('8990001021137', 'Tee 2 1/2\" Triliun', 5650, 8000, 4, 21),
('8990001021138', 'Tee 2 Wahana', 3500, 7000, 0, 21),
('8990001021139', 'Tee 2\" Vinilon', 5780, 10000, 5, 21),
('8990001021140', 'Tee 2\" Supra/Triliun/habis', 3050, 7000, -15, 21),
('8990001021141', 'Tee 3 SLG', 9300, 14000, 0, 21),
('8990001021142', 'Tee 3', 10856, 14000, 53, 21),
('8990001021143', 'Tee 3/4 Grest', 1625, 4000, 0, 21),
('8990001021144', 'Tee 3/4 Kuningan', 7500, 15000, 17, 21),
('8990001021145', 'Tee 3/4 SLG', 1750, 4000, -2, 21),
('8990001021146', 'Tee 3/4 x 1/2', 1500, 5000, 55, 21),
('8990001021147', 'Tee 3/4\" Triliun', 1300, 4000, 0, 21),
('8990001021148', 'Tee 3/4\" Intilon/Vinilon/Power', 2896, 4000, 0, 21),
('8990001021149', 'Tee 4\" SLG', 16050, 20000, 0, 21),
('8990001021150', 'Tee 4\" Supra', 11970, 18000, 3, 21),
('8990001021151', 'Tee 4\" Wahana', 6000, 10000, 0, 21),
('8990001021152', 'Tee Drat Dalam 1/2\"', 2000, 4000, 0, 21),
('8990001021153', 'Tee Drat Dalam 1/2\" Kuningan', 5500, 10000, 11, 21),
('8990001021154', 'Tee Drat Dalam 3/4\" Kuningan', 7500, 15000, -3, 21),
('8990001021155', 'Tee Kuningan 1/2\" drat', 5500, 10000, 0, 21),
('8990001021156', 'Tutup Talang Petak', 2400, 5000, 171, 21),
('8990001021157', 'Watermor 3/4\" x 3/4\" HPP/Grest', 6167, 12000, 0, 21),
('8990001021158', 'Watermore 1 x 1/2\"', 6000, 10000, 45, 21),
('8990001021159', 'Watermore 1 x 3/4\"/ lama', 6936, 14000, 35, 21),
('8990001021160', 'Watermore 1', 17157, 28000, 22, 21),
('8990001021161', 'Watermore 1/2\" Union', 7071, 12000, 7, 21),
('8990001022001', 'Impeler DAB', 18000, 25000, 2, 22),
('8990001022002', 'Impeler DAB DMY', 18000, 25000, 1, 22),
('8990001022003', 'Impeler Sanyo', 18000, 25000, 8, 22),
('8990001022004', 'Impeler Shimizu', 18000, 25000, 5, 22),
('8990001022005', 'Otomatis Pompa Air DMY / JP 3/8', 26000, 35000, 4, 22),
('8990001022006', 'Pompa Air Firman Otomatis', 365000, 420000, 0, 22),
('8990001022007', 'Pompa Air Dab National Westpa 125', 216250, 250000, -1, 22),
('8990001022008', 'Pompa Air Sanyo P-WH137/138C', 419933, 480000, 0, 22),
('8990001022009', 'Pompa Air Shimizu PS 116', 365000, 395000, 0, 22),
('8990001022010', 'Pompa Air Shimizu PS 128', 420000, 460000, -1, 22),
('8990001022011', 'Seal DAB', 4000, 6000, 3, 22),
('8990001022012', 'Seal Sanyo', 4000, 6000, 8, 22),
('8990001023001', 'Isi Ulang Kuas Rol Kecil Zipro/AC', 5485, 8000, 64, 23),
('8990001023002', 'Isi Ulang Kuas Rol Daesung/Std 9\"', 8167, 12000, -1, 23),
('8990001023003', 'Kuas Lukis No.12', 3115, 5000, 0, 23),
('8990001023004', 'Kuas Lukis No.2', 1100, 3000, -1, 23),
('8990001023005', 'Kuas Lukis No.4', 1200, 4000, 0, 23),
('8990001023006', 'Kuas Lukis No.6', 1958, 4000, 7, 23),
('8990001023007', 'Kuas Lukis No.8', 2549, 6000, 15, 23),
('8990001023008', 'Kuas Rol Standart/Jess', 17751, 25000, 82, 23),
('8990001023009', 'Kuas Roll ACE', 23818, 30000, 34, 23),
('8990001023010', 'Kuas Roll ACE Kecil tangkai panjang', 13892, 18000, 29, 23),
('8990001023011', 'Kuas Roll kecil Daesung kain', 8167, 15000, 0, 23),
('8990001023012', 'Kuas Roll Taiyo/Lippo', 20074, 27000, 1, 23),
('8990001023013', 'Kuas Roll Prima/Masaki', 20169, 28000, 0, 23),
('8990001023014', 'Kuas Roll Nippon/Moto', 17000, 23000, 36, 23),
('8990001023015', 'Kuas Roll Soligen', 17500, 22000, 0, 23),
('8990001023016', 'Kuas Roll Sprint', 16250, 23000, 0, 23),
('8990001023017', 'Kuas Roll Stadrat', 8350, 12000, 0, 23),
('8990001023018', 'Kuas Tangan 1 1/2\" Eagle Hitam', 2500, 6000, 31, 23),
('8990001023019', 'Kuas Tangan 1 1/2\" KW 1', 3652, 7000, 1, 23),
('8990001023020', 'Kuas Tangan 1 1/2\" Putih Temflo', 1625, 6000, 0, 23),
('8990001023021', 'Kuas Tangan 1 1/2\" Putih Arcel/Ultr', 4375, 7000, 2, 23),
('8990001023022', 'Kuas Tangan 1 1/2\" Unix', 4048, 7000, 3, 23),
('8990001023023', 'Kuas Tangan 1\" KW 1', 2985, 5000, 8, 23),
('8990001023024', 'Kuas Tangan 1\" Putih Taiyo/Prohex', 2533, 5000, 0, 23),
('8990001023025', 'Kuas Tangan 1\" Putih King 585', 2244, 5000, 2, 23),
('8990001023026', 'Kuas Tangan 1\" Putih Ultra', 2667, 5000, 2, 23),
('8990001023027', 'Kuas Tangan 1\" Prima/Unix', 3323, 6000, 119, 23),
('8990001023028', 'Kuas Tangan 2 1/2\" Hitam Exito', 2500, 7000, 9, 23),
('8990001023029', 'Kuas Tangan 2 1/2\" KW 1', 8404, 13000, 51, 23),
('8990001023030', 'Kuas Tangan 2 1/2\" Putih Arcel/Fawi', 7292, 10000, 1, 23),
('8990001023031', 'Kuas Tangan 2 1/2\" Putih RRB', 1700, 6000, 0, 23),
('8990001023032', 'Kuas Tangan 2 1/2\" Putih Temflo', 3000, 7000, 2, 23),
('8990001023033', 'Kuas Tangan 2 1/2\"Putih Prima/Ultra', 7539, 12000, 111, 23),
('8990001023034', 'Kuas Tangan 2 1/2\" Unix', 6875, 10000, 0, 23),
('8990001023035', 'Kuas Tangan 2\" Eagle/Exito hitam', 4131, 7000, 20, 23),
('8990001023036', 'Kuas Tangan 2\" Putih ATC', 1500, 5000, 0, 23),
('8990001023037', 'Kuas Tangan 2\" Putih Temflo', 2200, 6000, 0, 23),
('8990001023038', 'Kuas Tangan 2\" Putih Arcel/Ultra', 5833, 8000, 1, 23),
('8990001023039', 'Kuas Tangan 2\" Prima/Unix', 5857, 10000, 95, 23),
('8990001023040', 'Kuas Tangan 3\" KW 1 Fit', 11234, 15000, 47, 23),
('8990001023041', 'Kuas Tangan 3\" Putih Prima/Carmen', 9084, 15000, 105, 23),
('8990001023042', 'Kuas Tangan 3\" Putih Arcel/Ultra', 8750, 12000, 1, 23),
('8990001023043', 'Kuas Tangan 4\" KW 1 Fit', 22954, 30000, 4, 23),
('8990001023044', 'Kuas Tangan 4\" Putih Carmen', 15850, 22000, 0, 23),
('8990001023045', 'Kuas Tangan 4\" Putih RRB', 3200, 7000, 0, 23),
('8990001023046', 'Kuas Tangan 4\" Putih Temflo/Vezel', 6607, 12000, 3, 23),
('8990001023047', 'Kuas Tangan 4\" Putih Arcel/Ultra', 15417, 20000, 1, 23),
('8990001023048', 'Kuas Tangan 5\"Putih Arcel/Taiyo/Tem', 17917, 25000, 3, 23),
('8990001023049', 'Kuas Tangan Pelitur 1 1/2\"', 2833, 6000, 9, 23),
('8990001023050', 'Kuas Tangan Pelitur 1\"', 1870, 5000, 16, 23),
('8990001023051', 'Kuas Tangan Pelitur 2 1/2\"Masaki', 4792, 8000, 10, 23),
('8990001023052', 'Kuas Tangan Pelitur 2\"Masaki', 3810, 7000, 8, 23),
('8990001023053', 'Kuas Tangan Pelitur 2\" Bambu', 3500, 7000, 0, 23),
('8990001023054', 'Kuas Tangan Pelitur 3\" Fit/Rush/SBS', 5606, 10000, 5, 23),
('8990001024001', 'Karet Kassa nyamuk @cm', 139, 180, 0, 24),
('8990001024002', 'Kawat Ayak Pasir Kw 1 @cm', 256, 320, 950, 24),
('8990001024003', 'Kawat Duri', 94750, 120000, 0, 24),
('8990001024004', 'Kawat Licin @gram', 125, 28, 15200, 24),
('8990001024005', 'Kawat Licin 14 mm @gram', 14, 20, 0, 24),
('8990001024006', 'Kawat Licin 18 mm @gram', 14, 24, 0, 24),
('8990001024007', 'Kawat Parabola Aluminium @cm', 154, 240, 300, 24),
('8990001024008', 'Kawat Parabola Baja', 173, 280, 1480, 24),
('8990001024009', 'Kawat Per Jendela Polos @cm', 17, 50, -250, 24),
('8990001024010', 'Kawat Petak Hijau 0,25 x 0,25 @cm', 132, 180, 0, 24),
('8990001024011', 'Kawat Petak Hijau 1/2 x 1/2 @cm', 144, 200, 625, 24),
('8990001024012', 'Kawat Petak Hijau 3/4 x 3/4 @cm', 103, 180, 200, 24),
('8990001024013', 'Kawat Petak Putih 1/2 x 1/2 @cm', 139, 200, 100, 24),
('8990001025001', 'Karet Paku Seng', 35, 100, 0, 25),
('8990001025002', 'Paku 1 1/2\"', 165600, 195000, 0, 25),
('8990001025003', 'Paku 1 1/2', 165, 220, 1335, 25),
('8990001025004', 'Paku 1\"', 195000, 210000, 0, 25),
('8990001025005', 'Paku 1\" @gram', 176, 220, 1745, 25),
('8990001025006', 'Paku 2 1/2 (HABIS)', 159750, 180000, 0, 25),
('8990001025007', 'Paku 2 1/2 @ gram', 151, 200, 1059, 25),
('8990001025008', 'Paku 2 (HABIS)', 172500, 190000, 0, 25),
('8990001025009', 'Paku 2 @ gram', 156, 200, 4735, 25),
('8990001025010', 'Paku 3 1/2\"', 172500, 190000, 0, 25),
('8990001025011', 'Paku 3 1/2\" @gram', 150, 200, 3111, 25),
('8990001025012', 'Paku 3\"', 159750, 180000, 0, 25),
('8990001025013', 'Paku 3\" @gram', 162, 200, 2020, 25),
('8990001025014', 'Paku 4\"', 159750, 190000, 0, 25),
('8990001025015', 'Paku 4', 157, 200, 2466, 25),
('8990001025016', 'Paku 5', 116000, 120000, 2, 25),
('8990001025017', 'Paku 5', 117, 220, 895, 25),
('8990001025018', 'Paku beton hitam 2 @ kotak', 4394, 10000, 4, 25),
('8990001025019', 'Paku beton hitam 2 1/2 @kotak', 5000, 10000, 2, 25),
('8990001025020', 'Paku Beton Hitam 2 1/2\" @bh', 95, 300, 62, 25),
('8990001025021', 'Paku beton hitam 3 @ kotak', 8843, 13000, 4, 25),
('8990001025022', 'Paku Beton Hitam 3 @ bh', 190, 400, 21, 25),
('8990001025023', 'Paku beton hitam 4\" @kotak', 10500, 16000, 2, 25),
('8990001025024', 'Paku Beton Hitam 4\" @bh', 250, 500, 6, 25),
('8990001025025', 'Paku Beton Kuning 1 1/2 Unix', 9000, 14000, 0, 25),
('8990001025026', 'Paku Beton Kuning 1 Unix', 40, 500, 0, 25),
('8990001025027', 'Paku Beton Kuning 2 Unix', 12000, 16000, 0, 25),
('8990001025028', 'Paku Beton Kuning 3 Unix', 16000, 22000, 1, 25),
('8990001025029', 'Paku beton putih 1 1/2 Drexter', 8500, 20000, 4, 25),
('8990001025030', 'Paku beton putih 1 1/2 SJT/FIT', 18375, 23000, 78, 25),
('8990001025031', 'Paku beton putih 1 Osiris', 18500, 23000, 9, 25),
('8990001025032', 'Paku Beton Putih 1\"', 35, 200, 110, 25),
('8990001025033', 'Paku beton putih 2 1/2 SJT/Osiris', 19409, 23000, 44, 25),
('8990001025034', 'Paku beton putih 2 Osiris', 18500, 23000, 31, 25),
('8990001025035', 'Paku Beton Putih 2\"', 90, 250, 119, 25),
('8990001025036', 'Paku beton putih 3 SJT/FIT/Osiris', 16614, 23000, 38, 25),
('8990001025037', 'Paku Beton Putih 3\" SJT', 217, 400, 25, 25),
('8990001025038', 'Paku beton putih 4 SJT / Osiris', 19500, 23000, 40, 25),
('8990001025039', 'Paku Beton Putih 4\" Osiris', 260, 500, 38, 25),
('8990001025040', 'Paku GRC @gram', 20, 30, 4850, 25),
('8990001025041', 'Paku GRC Non Galvanis', 29, 70, 50, 25),
('8990001025042', 'Paku GRC Non Galvanis 400 gr @bks', 15000, 25000, 0, 25),
('8990001025043', 'Paku Listplank GRC 400 gr @bks Galv', 35000, 50000, 3, 25),
('8990001025044', 'Paku Multi 1 1/2\" @gram', 27, 35, 6500, 25),
('8990001025045', 'Paku Multi 4\" @gram', 19, 22, 2900, 25),
('8990001025046', 'Paku Ripet 440 Milan', 47, 100, 132, 25),
('8990001025047', 'Paku Ripet 450 Milan/Lama', 50, 100, 52, 25),
('8990001025048', 'Paku Ripet 540 Milan', 93, 200, 450, 25),
('8990001025049', 'Paku Ripet 550 SJT/SIP @ bh', 96, 150, 1000, 25),
('8990001025050', 'Paku Seng 1 3/4\" @kotak', 17544, 24000, 25, 25),
('8990001025051', 'Paku Seng 1 3/4\" Kotak KeciL', 7628, 12000, 0, 25),
('8990001025052', 'Paku Seng 2\" @kotak', 15906, 24000, 77, 25),
('8990001025053', 'Paku Seng Ulir 2 1/2\"', 17226, 24000, 29, 25),
('8990001025054', 'Paku Tekan ATM', 675, 1500, 6, 25),
('8990001025055', 'Paku Terali 1\" @gram', 246, 350, 310, 25),
('8990001025056', 'Paku Terali 3/4\"', 237, 350, 1285, 25),
('8990001025057', 'Paku Triplek 3/4\"', 8224, 12000, 101, 25),
('8990001026001', 'Karpet Talang 55 cm @cm', 67, 100, 18100, 26),
('8990001026002', 'Karpet Talang 90 cm @cm', 102, 150, 1150, 26),
('8990001026003', 'Plastik Hitam @cm', 40, 60, -5620, 26),
('8990001026004', 'Terpal A3 2 x 3 BlueSky/Macan', 22974, 36000, 11, 26),
('8990001026005', 'Terpal A3 3 x 4 BlueSky/Macan', 46180, 72000, 8, 26),
('8990001026006', 'Terpal Jadi 3 x 5', 49500, 75000, 0, 26),
('8990001026007', 'Terpal Jadi 4 x 5', 68500, 100000, 0, 26),
('8990001026008', 'Terpal Macan A3 4 x 6', 93257, 144000, 4, 26),
('8990001026009', 'Terpal Jadi 5 x 7', 126000, 175000, 0, 26),
('8990001026010', 'Terpal Mektan Biru @ cm', 55, 80, 0, 26),
('8990001026011', 'Terpal Mektan Orange @cm', 55, 80, 2050, 26),
('8990001027001', 'Kunsen pintu fiber/PVC Kamar Mandi', 140000, 150000, 0, 27),
('8990001027002', 'Pintu Fiber Muriko B', 215000, 225000, 2, 27),
('8990001027003', 'Pintu Fiber Paket New Berwyn', 230000, 250000, 4, 27),
('8990001027004', 'Pintu Kamar Tidur Legacy 80x200 + K', 850000, 1000000, 0, 27),
('8990001028001', 'Mata Bor Besi 1 1/2\" Fawi', 950, 3000, 0, 28),
('8990001028002', 'Mata Bor Besi 1 1/2\" Orange', 1146, 3000, 43, 28),
('8990001028003', 'Mata Bor Besi 1\" BHT/Orange', 983, 3000, 45, 28),
('8990001028004', 'Mata Bor Besi 10 mm Kokon', 20000, 25000, 0, 28),
('8990001028005', 'Mata Bor Besi 2,5 mm Fujiyama/BHT/O', 1472, 5000, 70, 28),
('8990001028006', 'Mata Bor Besi 2\" BHT/Orange', 1266, 5000, 27, 28),
('8990001028007', 'Mata Bor Besi 3 1/2\" BHT', 1850, 6000, 0, 28),
('8990001028008', 'Mata Bor Besi 3 1/2\" Massaki/Orange', 1980, 6000, 0, 28),
('8990001028009', 'Mata Bor Besi 3\" Fujiyama/Kokon', 1625, 6000, 99, 28),
('8990001028010', 'Mata Bor Besi 3\" BHT', 1827, 6000, 3, 28),
('8990001028011', 'Mata Bor Besi 4\" Fujiyama/BHT', 2244, 6000, 86, 28),
('8990001028012', 'Mata Bor Besi 4,5 mm Xenon', 3500, 6000, 0, 28),
('8990001028013', 'Mata Bor Besi 5 mm Kokon', 4500, 8000, 4, 28),
('8990001028014', 'Mata Bor Besi 5 mm Massaki', 4500, 8000, 1, 28),
('8990001028015', 'Mata Bor Besi 5 mm Xenon', 3700, 8000, 5, 28),
('8990001028016', 'Mata Bor Besi 6 mm HSS Solingen Eva', 3500, 7000, 0, 28),
('8990001028017', 'Mata Bor Besi 6 Orange/K55/Xenon', 4300, 8000, 91, 28),
('8990001028018', 'Mata Bor Besi 7,5 mm HSS Solingen E', 4500, 8000, 0, 28),
('8990001028019', 'Mata Bor Besi 8 Orange/K55/BHT', 6800, 12000, 45, 28),
('8990001028020', 'Mata Bor Besi 8 mm Kokon/Rush', 11231, 18000, 8, 28),
('8990001028021', 'Mata Bor Besi 8,5 mm HSS Solingen E', 5500, 12000, 2, 28),
('8990001028022', 'Mata Bor Besi 9 mm HSS Solingen Eva', 6000, 12000, 7, 28),
('8990001028023', 'Mata Bor Besi 9,5 mm HSS Solingen E', 6500, 12000, 2, 28),
('8990001028024', 'Mata Bor Beton 10 Massaki/Joran', 8250, 16000, 16, 28),
('8990001028025', 'Mata Bor Beton 10 mm Nicholson', 16000, 24000, 0, 28),
('8990001028026', 'Mata Bor Beton 12 Fujiyama/Joran', 12000, 16000, 16, 28),
('8990001028027', 'Mata Bor Beton 12 mm Prohex', 11000, 18000, 1, 28),
('8990001028028', 'Mata Bor Beton 4 mm Joran', 3200, 6000, 0, 28),
('8990001028029', 'Mata Bor Beton 4 mm Mollar', 2400, 6000, 0, 28),
('8990001028030', 'Mata Bor Beton 4 mm Nicholson', 7000, 12000, 0, 28),
('8990001028031', 'Mata Bor Beton 5 mm Fujiyama/Nichol', 5500, 10000, -4, 28),
('8990001028032', 'Mata Bor Beton 6 mm Joran', 6000, 10000, 7, 28),
('8990001028033', 'Mata Bor Beton 8 Fujiyama/Joran', 8000, 12000, 14, 28),
('8990001028034', 'Mata Bor Beton 8 mm Nicholson', 13000, 18000, 0, 28),
('8990001028035', 'Mata Bor Kayu 1/2 x L 8 Stanvick', 13000, 20000, -1, 28),
('8990001028036', 'Mata Bor Kayu 1/4\" Benz', 14000, 22000, 5, 28),
('8990001028037', 'Mata Bor Kayu Manual', 8000, 12000, 2, 28),
('8990001029001', 'Brasso 100 ml', 10850, 15000, 0, 29),
('8990001029002', 'Double Braket Gorden', 1700, 3000, 82, 29),
('8990001029003', 'Gantungan Handuk', 25000, 30000, 1, 29),
('8990001029004', 'Jarum Goni', 200, 2000, 5, 29),
('8990001029005', 'Kanebo Lap', 12000, 15000, 4, 29),
('8990001029006', 'Katrol air nikel SKTM 6\"', 17500, 28000, 5, 29),
('8990001029007', 'Pembersih Keramik Porstex 0,5 L', 9650, 12000, 4, 29),
('8990001029008', 'Pembersih Keramik Starlight 1 L', 25000, 30000, 4, 29),
('8990001029009', 'Pelapis Batu Alam Propan 1 L SC-50', 68639, 85000, 26, 29),
('8990001029010', 'Perangkap Tikus', 16000, 22000, 1, 29),
('8990001029011', 'Rabin Kecil', 6750, 10000, 21, 29),
('8990001029012', 'Rantai 1/4 @cm', 110, 180, 6870, 29),
('8990001029013', 'Rantai Anjing Galantino/Calvaniz 5\"', 7779, 15000, 9, 29),
('8990001029014', 'Regulator/Kepala Gas Meter Kenmaste', 57500, 75000, 3, 29),
('8990001029015', 'Rel Gorden @cm', 78, 120, 2970, 29),
('8990001029016', 'Roda Caster BP-50 TOT/FIT', 21160, 35000, 11, 29),
('8990001029017', 'Roda Caster Hunter/Xander', 23000, 35000, 2, 29),
('8990001029018', 'Roda Caster SG-50 Nylon Putih 2 Rus', 19000, 28000, 1, 29),
('8990001029019', 'Roda Caster Bulat Hitam', 13000, 25000, 1, 29),
('8990001029020', 'Roda Caster Gpeng Hunter HH 2', 19800, 30000, 5, 29),
('8990001029021', 'Roda ban komplit mati', 80000, 95000, 2, 29),
('8990001029022', 'Roda HH 3\" hitam Xander', 12500, 20000, 4, 29),
('8990001029023', 'Roda MM 3\" Hitam Karet', 8250, 12000, 0, 29),
('8990001029024', 'Roda Pagar 2,5\"', 23066, 35000, 3, 29),
('8990001029025', 'Roda Tabung Gas', 44500, 55000, 0, 29),
('8990001029026', 'Selang Gas+Regulator Kamikawa/Quant', 64000, 90000, 3, 29),
('8990001029027', 'Serat Fiber', 1305, 4000, 172, 29),
('8990001029028', 'Siku Rak 10 x 12 SBS putih @ bh', 3604, 7500, 48, 29),
('8990001029029', 'Siku Rak 4 x 5 @ bh', 950, 3000, 11, 29),
('8990001029030', 'Siku Rak 5 x 6 SBS puth @ bh', 1479, 4000, 40, 29),
('8990001029031', 'Siku Rak 6 x 8 SBS putih @ bh', 1854, 5000, 48, 29),
('8990001029032', 'Siku Rak 6 x 8 SBS/Rush Pth@bh', 1796, 6000, 5, 29),
('8990001029033', 'Siku Rak 8 x 10 SBS/Rush pth@bh', 2669, 8000, 72, 29),
('8990001029034', 'Soda Api Bubuk 250 gr @bks', 6600, 10000, 35, 29),
('8990001029035', 'Spiritus botol sedang', 7921, 12000, 14, 29),
('8990001029036', 'Sprayer 2 L Prohex', 23000, 30000, 0, 29),
('8990001029037', 'Tali Bagasi Motor Masaki', 15000, 20000, 5, 29),
('8990001029038', 'Tawas @gram', 7, 15, -1851, 29),
('8990001029039', 'Tutup Rel Gorden', 250, 500, 180, 29),
('8990001025058', 'Paku seng 1 3/4\" @gram', 33, 38, 6875, 25),
('8990001024014', 'Kain Kassa nyamuk @cm', 48, 80, 400, 24),
('8990001003007', 'Pasir Pasang @0,5 m3', 57500, 80000, 10, 3),
('8990001004052', 'Pipa PVC 3\"Wintilon @ cm', 208, 250, 135, 4),
('8990001003008', 'Batu Bata Kecil', 228, 250, 0, 3),
('8990001004049', 'Pipa PVC 2\" Athena/Vitalon', 65833, 75000, 0, 4),
('8990001024015', 'Kawat Ikat @ gram', 177, 220, -1740, 24),
('8990001025059', 'Paku beton hitam 2 @ btg', 95, 250, 43, 25),
('8990001022014', 'Pompa Air Shimizu PS 135 Automatis', 472000, 530000, 1, 22),
('8990001003006', 'Kerikil @ 0,50 m3', 80000, 95000, -2, 3),
('8990001003009', 'Pasir Cor @ 0,25 m3', 32500, 50000, 1, 3),
('8990001003010', 'Kerikil @ 0,25 m3', 40000, 50000, -1, 3),
('8990001002014', 'Kayu 1 x 20', 24002, 28000, 188, 2),
('8990001007089', 'Cat Tembok 5 KG HITTO STD', 47440, 60000, 29, 7),
('8990001025060', 'Paku beton putih 2 1/2 YS@ Kotak kc', 8500, 15000, 1, 25),
('8990001020022', 'Skrup kuning 3/4 x 6', 30, 60, 1686, 20),
('8990001001010', 'Semen Bosowa 50 kg', 55593, 58000, 0, 1),
('8990001007092', 'Cat Tembok 20 kg Venic 121', 165000, 190000, 1, 7),
('8990001005235', 'Sendok Semen 7 stamvik/kokon/msk', 16943, 22000, 16, 5),
('8990001007091', 'Cat Tembok Nippon putih 25 kg', 370000, 390000, 0, 7),
('8990001007093', 'Cat Tembok 5 kg Venic 121', 38000, 45000, 0, 7),
('8990001007094', 'Cat Tembok 20 kg Aries std', 158912, 180000, 1, 7),
('8990001003011', 'Tanah timbun', 250000, 260000, 6, 3),
('8990001026012', 'Plastik hitam @ gr', 18, 24, 0, 26),
('8990001016061', 'Selang BCP tarik drat Nevada', 13767, 25000, 16, 16),
('8990001005236', 'Palu kambing besi magnet Fit 0,25', 41700, 50000, 0, 5),
('8990001005237', 'Palu kambing besi magnet Fit 0,50', 50000, 55000, 1, 5),
('8990001018024', 'Lem Plavon / Viper tape', 7086, 12000, 19, 18),
('8990001018025', 'Lem tikus super', 11959, 17000, 6, 18),
('8990001005238', 'Raskam pvc power', 15269, 22000, 55, 5),
('8990001005239', 'Lot timbangan kerucut warna 300 gr', 13000, 18000, 0, 5),
('8990001001011', 'Semen Tiga Roda @ 50 kg', 59656, 62000, 212, 1),
('8990001027005', 'Pintu Fiber Urat kayu coklat', 270000, 285000, 0, 27),
('8990001027006', 'Pintu Fiber Paket Giant 70 x 195 Cr', 225000, 260000, 2, 27),
('8990001027007', 'Kusen pintu fiber', 150000, 160000, 0, 27),
('8990001027008', 'Pintu Fiber Paket Giant plus JLS', 198000, 250000, 3, 27),
('8990001007090', 'Thinner 1 L starlac', 15500, 20000, 0, 7),
('8990001021162', 'Elbow 3\" Triliun/Grest/Cross', 8125, 12000, 159, 21),
('8990001004050', 'Pipa PVC 2 1/2\" Wintilon', 72584, 90000, 1, 4),
('8990001004051', 'Pipa PVC 3\" Wintilon', 110968, 135000, 0, 4),
('8990001028038', 'Kunci Bor 13 mm', 5267, 10000, 10, 28),
('8990001005240', 'Gergaji kayu Maxi/SJT/MJP 18\"', 17917, 35000, 6, 5),
('8990001021163', 'Operan 4 x 2 1/2\" Grest', 7000, 10000, 70, 21),
('8990001019127', 'Stop kontak 3 lbg Hoshino/Shukaku/K', 12500, 20000, 5, 19),
('8990001019128', 'Lampu Emergency Twindog 812', 64000, 72000, 0, 19),
('8990001003012', 'Pasir Cor @ 0,50 m3', 65000, 85000, -2, 3),
('8990001005241', 'Masker kain PS', 600, 2000, 0, 5),
('8990001013010', 'Plamir RJ 25 kg', 273000, 290000, 0, 13),
('8990001006210', 'Kunci Alessa besar 953 S', 98325, 115000, 0, 6),
('8990001006211', 'Kunci Alessa kecil', 64125, 80000, 0, 6),
('8990001009030', 'Keramik 40x40 Arwana Green/Grey/pth', 45000, 47000, 0, 9),
('8990001025062', 'Paku beton putih 1 1/2 @ bh', 55, 200, 149, 25),
('8990001027009', 'Pintu Fiber Paket New Berwyn Urat K', 240000, 250000, 0, 27),
('8990001004055', 'Pipa PVC 3/4\"Cytilon @ cm', 27, 40, 200, 4),
('8990001008011', 'Besi 12 x 12 SNI SS Besar', 59973, 82000, 0, 8),
('8990001013011', 'Plamir RJ 1 kg', 16510, 20000, 0, 13),
('8990001025063', 'Paku seng 1 3/4\" @ kotak KL', 10750, 18000, 0, 25),
('8990001004053', 'Pipa PVC 3/4\" Wintilon', 17505, 24000, 8, 4),
('8990001004054', 'Pipa PVC 3/4\" Wintilon @ cm', 32, 60, 225, 4),
('8990001007095', 'Thinner Macan/bengkel 1 L', 18779, 22000, 29, 7),
('8990001027010', 'Pintu Fiber Muriko Proyek', 245000, 260000, 4, 27),
('8990001004063', 'Pipa PVC 1/2\" Wintilon', 13589, 18000, 4, 4),
('8990001020023', 'Skrup kayu 1 1/2 x 8', 75, 150, 23, 20),
('8990001021164', 'Tee Drat Dalam 3/4 SCG/Rucika', 2936, 5000, 46, 21),
('8990001009027', 'Keramik 40x40 Serena Coruna Grey', 57500, 60000, 1, 9),
('8990001009028', 'Keramik 20x20 Valencia Ambrose Blue', 57091, 62000, 0, 9),
('8990001005242', 'Sendok semen 6 kokon/massaki', 16285, 22000, 18, 5),
('8990001005243', 'Mata gerinda tipis Haston/Prohex/BW', 2850, 5000, 208, 5),
('8990001016062', 'Saringan KM SS Kenmtr/Fawi/Nikken/S', 6133, 15000, 10, 16),
('8990001005244', 'Meteran 5 m Weldome/ABS/Mengyi', 12944, 20000, 18, 5),
('8990001005245', 'Batu Asahan Trupper/Massaki Hitam 6', 18143, 25000, 1, 5),
('8990001005246', 'Batu Asahan 6\" Masaki/truper Orange', 10643, 18000, 1, 5),
('8990001018026', 'Lem kambing tube', 5897, 8000, 23, 18),
('8990001005247', 'Pisau Cutter wanly/Koala/Feng De Li', 8184, 13000, 6, 5),
('8990001005248', 'Martil Massaki/Exito kecil 0,25', 23333, 32000, 10, 5),
('8990001018030', 'Lem Q-bond kaleng kuning', 28750, 35000, 2, 18),
('8990001022013', 'Pompa air Dab Sepero/AquaDab/GNG 12', 185862, 210000, 0, 22),
('8990001005249', 'Meteran ATS/Transikeda 5 m', 16913, 25000, 19, 5),
('8990001009032', 'Closet Jongkok Corong Duty putih', 164000, 200000, 1, 9),
('8990001007021', 'Cat tembok 5 kg Maritek Spc', 81678, 95000, 0, 7),
('8990001010011', 'Triplek mika putih tebal Kunci', 109000, 125000, 2, 10),
('8990001004056', 'Pipa PVC 1/2\" Supra @ cm', 20, 30, 0, 4),
('8990001021165', 'Elbow 3/4\" Cross/Tradisi', 980, 3000, 0, 21),
('8990001004057', 'Pipa PVC 2 1/2\" Wintilon @ cm', 133, 180, 0, 4),
('8990001004058', 'Pipa PVC 2 1/2\" SL list biru', 70770, 85000, 0, 4),
('8990001004059', 'Pipa PVC 3\" Urano/SL list biru', 100506, 120000, 4, 4),
('8990001016063', 'Kran shower Fio 603 A65', 19000, 25000, 0, 16),
('8990001016064', 'Kran Cabang T Fio AF 8830', 31000, 45000, 2, 16),
('8990001006212', 'Gembok 40 mm Nishio/Exito', 7358, 15000, 7, 6),
('8990001005250', 'Geget Wanly/HSJ/Run Press', 16107, 25000, 9, 5),
('8990001005251', 'Ban Komplit Artco', 102000, 120000, 1, 5),
('8990001006213', 'Grendel GTK Milan 3\"', 8958, 15000, 19, 6),
('8990001004071', 'Pipa PVC 2\" Wintilon @ cm', 98, 140, 180, 4),
('8990001018027', 'Lem Kertas 2\" Homecare/Daimaru mask', 9805, 15000, 11, 18),
('8990001002012', 'Kayu golong golong sedang/habis', 14000, 16000, 0, 2),
('8990001025066', 'Paku beton hitam 1 1/2\" @ bh', 80, 200, 41, 25),
('8990001004060', 'Pipa PVC Duta 3/4\" @ cm', 25, 40, 0, 4),
('8990001004061', 'Pipa PVC 3\" SL list biru @ cm', 199, 260, 0, 4),
('8990001007096', 'Cat Semprot Canbrush', 21219, 27000, 33, 7),
('8990001007097', 'Cat Genteng Lippo 4 kg', 102508, 135000, 1, 7),
('8990001004062', 'Pipa PVC 3/4 Champion @ cm', 49, 80, 650, 4),
('8990001005252', 'Gunting besi 42\" Macaw/Benison', 305000, 420000, 2, 5),
('8990001010010', 'Lisplang GRC 25 cm x 244 cm', 52800, 65000, 0, 10),
('8990001025067', 'Paku seng 1 3/4\" Anchor @ 1 kg kota', 28676, 35000, 0, 25),
('8990001005253', 'Gerobak Supermancini/Kiu Kiu', 410000, 450000, 0, 5),
('8990001008012', 'Besi 6 x 12 polos / 4,4 x 12', 18205, 22000, 7, 8),
('8990001008013', 'Besi 5 x 10 polos', 12295, 16000, 0, 8),
('8990001025064', 'Paku triplek 3/4\" @ gram', 18, 25, 0, 25),
('8990001007100', 'Impra Teak 1 l', 29235, 35000, 0, 7),
('8990001016065', 'Semprotan air Jumbo Massaki', 50000, 70000, 1, 16),
('8990001024016', 'Kawat Petak Putih 3/4 x 3/4 @cm', 161, 220, 1760, 24),
('8990001005254', 'Obeng BB 5 mm Camel ', 5231, 12000, 2, 5),
('8990001005255', 'Sarung tangan karet hijau Prohex', 12083, 15000, 0, 5),
('8990001025065', 'Paku beton hitam 1 1/2\"', 4345, 8000, 3, 25),
('8990001025069', 'Paku 2 1/2 @ 8 KG/KTK', 120000, 135000, 3, 25),
('8990001002013', 'Kayu golong golong super', 9000, 10000, -8, 2),
('8990001005256', 'Mata Obeng gypsum Wiha/Freed/SNZ', 2502, 6000, 3, 5),
('8990001019129', 'Klem kabel deka no.8', 7500, 12000, 0, 19),
('8990001019130', 'klem kabel 9 Visalux/master', 4850, 12000, 22, 19),
('8990001019131', 'Klem kabel 10 Visalux/master', 5650, 12000, 17, 19),
('8990001016066', 'Kran besi 3/4 Kenmaster', 11000, 18000, 3, 16),
('8990001019132', 'Klem kabel deka no.8 @ bh', 94, 250, 0, 19),
('8990001009029', 'Closet Jongkok Duty Biru Muda', 110625, 145000, 3, 9),
('8990001008214', 'Engsel tipis 3 @ bh', 604, 2000, 155, 6),
('8990001018029', 'Lem pvc Intiglue 400 gr', 26250, 35000, 9, 18),
('8990001004064', 'Pipa PVC 2 1/2\" SL list biru @ cm', 129, 160, 0, 4),
('8990001014024', 'Selang Benang 5/8 Puso @cm', 69, 90, 0, 14),
('8990001018028', 'Lem Banteng tube', 3833, 7000, 0, 18),
('8990001007098', 'Cat Citybrite pail standar', 123250, 140000, 0, 7),
('8990001007099', 'Cat Citybrite galon standar', 29750, 40000, 6, 7),
('8990001005265', 'Gunting Pagar Kenmaster/Camel panja', 55000, 70000, 5, 5),
('8990001025068', 'Paku seng 1 1/2\" warna @ ktk', 20000, 28000, 2, 25),
('8990001027011', 'Pintu Fiber plus kusen cream', 210000, 240000, 0, 27),
('8990001006214', 'Grendel 2 SKT Tower', 2413, 8000, 0, 6),
('8990001005257', 'Meteran 5 m JeJe/SKT', 9167, 15000, 9, 5),
('8990001005258', 'Sendok semen 7 gagang biru', 10417, 15000, 0, 5),
('8990001016067', 'Kran pvc SKT bulat warna', 7917, 13000, 4, 16),
('8990001028039', 'Mata bor beton 10 mm Harden', 17000, 25000, 1, 28),
('8990001028040', 'Mata Bor Beton 10 mm Irwin', 28500, 35000, 1, 28),
('8990001028041', 'Mata Bor Beton 12 mm Irwin', 33000, 42000, 1, 28),
('8990001029040', 'Sprayer 2 L Kenmaster', 31000, 40000, 0, 29),
('8990001006215', 'Engsel tipis 4\" @ bh', 868, 2000, 45, 6),
('8990001027012', 'Pintu Fiber Gold Star Garis paket', 205000, 250000, 0, 27),
('8990001019133', 'Kabel NYA 2,5 HSC', 207000, 235000, 1, 19),
('8990001005259', 'Geget American Tool', 35786, 48000, 1, 5),
('8990001028042', 'Mata bor besi 10 mm Rush', 18000, 22000, 2, 28),
('8990001028043', 'Mata bor besi 12 mm BHT', 17500, 22000, 0, 28),
('8990001005260', 'Mesin Bor Modern 10 mm M-2100 C', 255000, 290000, 2, 5),
('8990001005261', 'Kikir India besar 4\"/3 1/2\"', 10344, 15000, 18, 5),
('8990001019134', 'Kabel NYA 2,5 HSC @ cm', 24, 35, 1400, 19),
('8990001005262', 'Pemotong Keramik Prohex', 255000, 300000, 0, 5),
('8990001020024', 'Gantungan Hock Kecil No.3 @ ktk', 5500, 10000, 0, 20),
('8990001011019', 'Seng Fiber Starlite 0,8', 45000, 70000, 0, 11),
('8990001004065', 'Pipa Trilon Abu abu 3', 35000, 45000, 0, 4),
('8990001004066', 'Pipa Trilon Abu abu 2 1/2', 29450, 37000, 0, 4),
('8990001013013', 'Tepung Corniche @ gram', 33, 50, 1500, 13),
('8990001007101', 'Cat Tembok Nippon putih 5 kg', 87937, 95000, 0, 7),
('8990001023055', 'Kuas Tangan 1\" Putih Arcel/Kokon', 2917, 5000, 1, 23),
('8990001023056', 'Kuas Tangan 1 1/2\" Putih Kokon', 6667, 9000, 0, 23),
('8990001023057', 'Kuas Tangan 2\" Putih Kokon', 9667, 12000, 0, 23),
('8990001023058', 'Kuas Tangan 2 1/2\" Putih Kokon', 12083, 15000, 0, 23),
('8990001023059', 'Kuas Tangan 3\" Putih Kokon', 15458, 18000, 0, 23),
('8990001023060', 'Kuas Tangan 4\" Putih Kokon', 21000, 24000, 0, 23),
('8990001016068', 'Selang Flexibl Soligen 50 cm /Carlo', 22217, 35000, 1, 16),
('8990001005263', 'Gunting seng/holo 10\"Camel/Stamvick', 36000, 50000, 0, 5),
('8990001021166', 'Watermore 3/4\" Union Sanwell', 12500, 20000, 1, 21),
('8990001021167', 'Stopkran PVC 3/4\" Unnu/KDJ', 11167, 18000, 3, 21),
('8990001011020', 'Seng 6 x 11 Crown Swan Warna', 48778, 55000, 0, 11),
('8990001004069', 'Talang petak putih Sinar Daku A', 48000, 58000, 0, 4),
('8990001021168', 'Elbow 2 1/2 Triliun/Grest/Cross', 5045, 8000, 210, 21),
('8990001005264', 'Raskam PVC Kasar', 3799, 8000, 15, 5),
('8990001019135', 'Klem pipa listrik DEKA no.17 @ bh', 273, 500, 0, 19),
('8990001027013', 'Pintu Fiber Muriko E', 230000, 245000, 0, 27),
('8990001002015', 'Kayu Les Kaca 1 x 1 x 2', 1200, 3000, 202, 2),
('8990001013012', 'Tepung Corniche', 63117, 70000, 6, 13),
('8990001016069', 'Sealtape Unnu/MOI', 2504, 4000, 23, 16),
('8990001012014', 'Tangki Air 500 L Diamond Biru', 405000, 500000, 0, 12),
('8990001012015', 'Tangki Air 250 L Bambu/Diamond/Semp', 253838, 350000, 0, 12),
('8990001012016', 'Tangki Air 500 L Diamond Orange', 400000, 450000, 0, 12),
('8990001004067', 'Pipa PVC 2\" Wintilon', 53282, 68000, 0, 4),
('8990001004068', 'Pipa PVC 1 1/2\" Wintilon', 42120, 55000, 0, 4),
('8990001004070', 'Talang air petak biru', 36000, 50000, 0, 4),
('8990001005266', 'Gunting Besi 30\" Macaw/SJT', 175000, 235000, 1, 5);
INSERT INTO `barang` (`idbarang`, `nm_barang`, `hrg_modal`, `hrg_satuan`, `stok`, `idkategori`) VALUES
('8990001010012', 'Timber Plank 9 mm x 200 mm x 2440 m', 59000, 65000, 0, 10),
('8990001005267', 'Tangkai Cat 4 m', 37000, 50000, 0, 5),
('8990001006216', 'Handle pintu Yellza YT 03 putih', 90000, 125000, 1, 6),
('8990001006217', 'Handle pintu Yellza SYY kotak Grafi', 120000, 150000, 1, 6),
('8990001006218', 'Handle pintu IMJ PPH 25/Yellza HD 2', 45000, 65000, 3, 6),
('8990001018031', 'Lem Q-bond putih bungkus plastik', 10900, 15000, 0, 18),
('8990001011021', 'Seng plat gulung 90 cm @cm', 314, 400, 350, 11),
('8990001026013', 'Terpal Macan A3 3 x 3', 36900, 54000, 3, 26),
('8990001019136', 'Klem pipa/kabel listrik 5/8 Master/', 9300, 15000, 0, 19),
('8990001023061', 'Kuas Lukis No.10', 3155, 8000, 10, 23),
('8990001020025', 'Skrup kayu 2 x 9', 10000, 15000, 0, 20),
('8990001006219', 'Kunci Sepeda Massaki/Ferza', 35000, 50000, 9, 6),
('8990001005268', 'Gergaji kayu tjap Mata 18\"', 91667, 125000, 1, 5),
('8990001005277', 'B Rofing 20 Undrill/12x3/4 @ bh', 158, 250, 0, 5),
('8990001018032', 'Lem kaca Silicone botol/Dexbond/wel', 28091, 38000, 9, 18),
('8990001007102', 'Cat Catylac putih 5 kg', 104300, 115000, 0, 7),
('8990001019137', 'Klem kabel deka no.9 @ bh', 110, 250, 0, 19),
('8990001021169', 'Elbow 4\" Triliun/Grest', 12775, 14000, 43, 21),
('8990001011022', 'Seng Fiber 0,8 Fortune/Masterlite/h', 49500, 70000, 11, 11),
('8990001011023', 'Penutup pagar Masterline 0,8 putih/', 287, 330, 50, 11),
('8990001016070', 'Kran Onda ss 1/2 CLS 01', 55000, 75000, 11, 16),
('8990001020026', 'Skrup kayu 1 1/4 x 7 @ bh', 60, 150, 60, 20),
('8990001005269', 'Mata Gerinda potong 14\" SAR/norton ', 18000, 30000, 1, 5),
('8990001005270', 'Gergaji kayu runcing Masaki/Prohex ', 15357, 25000, 0, 5),
('8990001005271', 'Martil Camel 0,25 / Fukung', 18333, 28000, 0, 5),
('8990001005272', 'Sendok Plaster', 8667, 17000, 15, 5),
('8990001015025', 'Kabel Tie 3 x 150 mm warna campur', 5500, 10000, 0, 15),
('8990001005273', 'Mata pot Granit Makita/Norton Orang', 44000, 55000, 5, 5),
('8990001020027', 'Fisher 10 Mundex', 8000, 12000, -1, 20),
('8990001005274', 'Waterpass 18\" Merah', 28000, 35000, 4, 5),
('8990001005275', 'Waterpass 24\" Merah', 34000, 45000, 6, 5),
('8990001005276', 'Obeng Eyfan set 2 pc', 12500, 20000, 0, 5),
('8990001023062', 'Kuas Tangan 3\" Putih Unix', 10607, 14000, 0, 23),
('8990001023063', 'Kuas Tangan 4\" Putih Unix', 15317, 22000, 0, 23),
('8990001023064', 'Kuas Tangan 1\" Putih Carmen', 3000, 5000, 0, 23),
('8990001006220', 'Selang Pompa Sepeda', 5500, 10000, 1, 6),
('8990001005278', 'Baut Rofing 45 mm/12x1 3/4 Undril @', 250, 450, 1871, 5),
('8990001005279', 'Deskrup 1/4 x 2', 383, 600, 311, 5),
('8990001020028', 'Dinabolt 10 x 80', 2878, 3800, 43, 20),
('8990001020029', 'Fisher 5 Imundex/Tip Top', 5886, 10000, 4, 20),
('8990001004072', 'Pipa PVC 4\" Wintilon', 167200, 220000, 0, 4),
('8990001007103', 'Cat Duco Fastco 250 cc', 30390, 38000, 5, 7),
('8990001009031', 'Keramik 20x20 Valencia Caspia Pink', 55500, 58000, 1, 9),
('8990001005280', 'Meteran Tanah 50 m baja', 145000, 180000, 0, 5),
('8990001005281', 'Pahat beton 8 Harson/RRT', 5667, 15000, 5, 5),
('8990001005282', 'Pahat beton 10 Harson', 12500, 18000, 1, 5),
('8990001005283', 'Pahat beton 12 Hanson', 15000, 22000, 0, 5),
('8990001016071', 'Kran PVC 1/2 SKT', 3875, 8000, 0, 16),
('8990001006221', 'Kunci Top I-series 5210 sgp', 32917, 45000, 0, 6),
('8990001012017', 'Bak air plastik porselen putih saya', 254000, 275000, 1, 12),
('8990001019138', 'Steker Visalux gepeng', 3634, 8000, 46, 19),
('8990001004073', 'Pipa Listrik Putih ', 4000, 7000, 0, 4),
('8990001006222', 'Grendel Kodai 3\" ss', 6958, 12000, 2, 6),
('8990001016072', 'Saringan BCP Alfina pvc', 27500, 40000, 0, 16),
('8990001020030', 'Skrup Gypsum 6 x 1 1/4', 73, 130, 531, 20),
('8990001018033', 'Lem Intiglue tube', 3750, 7000, 0, 18),
('8990001012018', 'Bak air plastik porselen cream tanp', 195000, 240000, 0, 12),
('8990001007104', 'Cat Tulip 5 kg std', 47841, 60000, 2, 7),
('8990001007105', 'Cat Tulip 20 kg std', 181485, 205000, 0, 7),
('8990001012019', 'Bak air plastik porselen cream saya', 224000, 275000, 0, 12),
('8990001025070', 'Paku 3\" @ 8 kg', 117000, 135000, 6, 25),
('8990001009033', 'Closet Duduk Manual Duty putih plus', 465000, 500000, 0, 9),
('8990001021170', 'Elbow 3/4\" Vinilon', 1624, 3000, 0, 21),
('8990001016073', 'Kran Angsa Fleksibel Marsesa/688 CA', 165000, 220000, 0, 16),
('8990001008217', 'Besi 14 x 12 SNI PJ/Besar', 135364, 150000, 0, 8),
('8990001017011', 'Tali Nilon 1,5 mm Amila', 5823, 10000, -1, 17),
('8990001016074', 'Sealtape Soligen', 1500, 3000, 0, 16),
('8990001006223', 'Ring Kunci Petak Arcel', 21500, 35000, 2, 6),
('8990001005284', 'Mata Katam Mesin Ono', 8500, 20000, 1, 5),
('8990001005285', 'Mata Pot Keramik Massaki 253 Granit', 132500, 155000, 4, 5),
('8990001005286', 'Palu Karet 400 gr Rush sedang gg fi', 19750, 25000, 1, 5),
('8990001005287', 'Palu Karet 500 gr Rush besar', 23000, 32000, 6, 5),
('8990001016075', 'Kran Angsa PVC SKT/Cab/Nikken/Kenma', 20070, 35000, 17, 16),
('8990001016076', 'Kran Cabang ss Fio 422 B 107', 47000, 60000, 2, 16),
('8990001012024', 'Bak air plastik kecil segi empat', 168000, 190000, 1, 12),
('8990001013028', 'Plamir Aries Gold 1 kg', 14708, 20000, 2, 13),
('8990001007120', 'Cat Semprot Diton', 21546, 27000, 220, 7),
('8990001020033', 'Fisher 10 @ bh', 160, 500, -16, 20),
('8990001001012', 'Semen Padang SB @ 50 kg', 61000, 63000, 0, 1),
('8990001008215', 'Besi 6 x 12 net SHS/PJ/MUG/habis', 31228, 35000, 0, 8),
('8990001004110', 'Pipa Starion aw 2 1/2 @ cm', 111, 150, 0, 4),
('8990001008216', 'Besi 6 x 12 PJ Baru', 33888, 35000, 180, 8),
('8990001025074', 'Paku beton kuning 1 1/2 unix @ bh', 90, 250, 91, 25),
('8990001004074', 'Pipa PVC 1 1/2\" Wintilon @ cm', 77, 120, 0, 4),
('8990001029041', 'Kain Poles Rabin', 3000, 5000, 0, 29),
('8990001013014', 'Dempul Plastik 250 gr Sanpolac', 17750, 20000, 9, 13),
('8990001007106', 'Thinner 1 L Cobra Hijau', 23959, 32000, 28, 7),
('8990001009086', 'Keramik 20x40 Perfecto Budapest Gre', 73000, 78000, 0, 9),
('8990001007107', 'Alkali Avitex Resisting Primer', 112696, 130000, 9, 7),
('8990001005288', 'Sarung tangan karet kuning Fawi', 7500, 15000, 7, 5),
('8990001019148', 'Klem pipa listrik 5/8 putih @ bh Du', 188, 700, 34, 19),
('8990001019139', 'Tespen Sinseki 2 way', 3000, 6000, 1, 19),
('8990001020031', 'Fisher power s 6 merah papan', 46, 100, 0, 20),
('8990001021171', 'Klep pvc 3/4 jumbo HPP/Ono/Finn', 7279, 15000, 5, 21),
('8990001005289', 'Mata potong keramik Ander 3201', 22000, 35000, 0, 5),
('8990001029042', 'Siku Lubang biasa abu abu @ 3 m', 30000, 40000, 0, 29),
('8990001004075', 'Pipa Abu Abu 2 1/2\" @ cm', 74, 100, 0, 4),
('8990001007108', 'Pelapis Anti Bocor 1 kg Aquaproof', 51244, 58000, 26, 7),
('8990001020032', 'Fisher 5 Tip Top @ bh', 45, 100, 0, 20),
('8990001001013', 'Semen Padang IG @ 50 kg', 65489, 69000, 425, 1),
('8990001003013', 'Batu Bata Jumbo Izen', 450, 470, 35882, 3),
('8990001019140', 'Saklar Engkel Panasonic', 7682, 15000, 25, 19),
('8990001019141', 'Saklar Seri Panasonic', 12433, 18000, 30, 19),
('8990001019142', 'Stop kontak Panasonic', 15671, 22000, 3, 19),
('8990001019143', 'Fiting Plafon segi 6 Visalux/Panaso', 7500, 12000, 5, 19),
('8990001014039', 'Selang Benang 1 Walrus @ roll @50 m', 620000, 670000, 0, 14),
('8990001004089', 'Pipa Tulip aw 2', 56000, 75000, 0, 4),
('8990001021172', 'Operan 2 x 3/4 Pralon/Rucika', 5562, 10000, 20, 21),
('8990001021173', 'SDL 2 Rucika', 7800, 12000, 13, 21),
('8990001021174', 'SDD 2 Vinilon', 7600, 12000, 2, 21),
('8990001005290', 'Mata sock Lakoni/HDT/XP/Ameritech/S', 10400, 15000, 20, 5),
('8990001005291', 'Martil Macau/Kokon/Crocodille 0,25', 19790, 30000, 5, 5),
('8990001005292', 'Meteran Onda 5 m', 13800, 20000, 8, 5),
('8990001016077', 'Sealtape Onda k', 3344, 5000, 21, 16),
('8990001025071', 'Paku 2 @ 8 KG/KTK', 117369, 135000, 3, 25),
('8990001025072', 'Paku 1 1/2', 124132, 140000, 11, 25),
('8990001025073', 'Paku 4', 118800, 135000, 5, 25),
('8990001004087', 'Pipa PVC 1/2\" Wintilon @ cm', 25, 50, 300, 4),
('8990001002016', 'Kayu Les K1 besar', 14081, 20000, 4, 2),
('8990001005293', 'Mata Obeng gypsum Soligen', 2722, 8000, 7, 5),
('8990001006224', 'Gembok Exito 60 mm', 13185, 22000, 1, 6),
('8990001006225', 'Gembok putih 40 mm pjg SJT/Hona', 16291, 24000, 8, 6),
('8990001006226', 'Gembok Rush 40 mm', 12404, 16000, 0, 6),
('8990001005294', 'Martil segi gg kayu 3 lb Massaki', 64000, 85000, 1, 5),
('8990001005295', 'Martil segi gg kayu 4 lb SAR', 78000, 95000, 1, 5),
('8990001007156', 'Cat Tembok Ceria Propan 5 kg', 65205, 80000, 0, 7),
('8990001004076', 'Pipa PVC 1/2\" Intilon @cm', 30, 50, 0, 4),
('8990001016078', 'Kran pvc 1/2 KRANZ KP01,KP02', 6052, 10000, 3, 16),
('8990001016079', 'Kran KP 04 1/2 KRANZ', 7714, 12000, 2, 16),
('8990001007109', 'Cat Aries Gold 5 kg', 67241, 80000, 50, 7),
('8990001005300', 'Raskam besi 9\" Yen iu', 12083, 18000, 6, 5),
('8990001006227', 'Silinder kunci Pluto', 27500, 35000, 0, 6),
('8990001005296', 'Baut Cacing 6 x 1\"', 88, 200, 5336, 5),
('8990001006228', 'Kunci laci kaca Huben', 10000, 15000, 1, 6),
('8990001006229', 'Kunci pintu ELBRUS', 74116, 95000, 1, 6),
('8990001005297', 'Sepatu bot hitam Goco Malaysia', 43422, 60000, 8, 5),
('8990001021213', 'Stopkran pvc 2\" KDJ', 56100, 75000, 2, 21),
('8990001004077', 'Pipa PVC 4\" Wintilon @ cm', 334, 400, 0, 4),
('8990001015026', 'Klem pipa listrik pvc 5/8', 150, 500, 0, 15),
('8990001005298', 'Garukan Sampah tanpa tangkai', 8000, 15000, 9, 5),
('8990001005299', 'Gerobak Kingkong/Jago', 417000, 480000, 3, 5),
('8990001019155', 'S/E dan S/C Deka/Twindog-5019', 14800, 20000, 5, 19),
('8990001016080', 'Kran Angsa PVC Yuta', 30938, 45000, 0, 16),
('8990001016081', 'Sealtape Henso/SAB/Yuta/Omco/KIG be', 5562, 8000, 39, 16),
('8990001007110', 'Cat Genteng Yoko', 104093, 125000, 7, 7),
('8990001005330', 'Palu bulat SBS 1/4 LB', 7917, 15000, 2, 5),
('8990001005301', 'Meteran 3 m HPP/Mengyi/Frescoes/SJT', 8500, 15000, 21, 5),
('8990001005302', 'Meteran 7,5 m Soligen/ATS/Transiked', 27500, 35000, 0, 5),
('8990001015027', 'Klem pipa PVC 1\" biasa', 694, 1000, 69, 15),
('8990001019160', 'Klem kabel no.8 biasa', 3000, 8000, 0, 19),
('8990001005303', 'Kapak tukang', 31000, 45000, 0, 5),
('8990001014025', 'Selang Benang 1/4 Ekahose tebal', 25, 40, -100, 14),
('8990001021175', 'Operan 2 1/2 x 2 Power', 4187, 10000, 41, 21),
('8990001029043', 'Regulator/Kepala gas Kamikawa/Prohe', 39500, 70000, 3, 29),
('8990001005304', 'Siku tukang 12 Yamato/YSK', 12744, 25000, 14, 5),
('8990001009047', 'Angin semen polos', 6000, 10000, 8, 9),
('8990001014026', 'Selang Benang 3/4 Black horse', 53, 65, 0, 14),
('8990001009034', 'Keramik 20x25 Premium Butterfly', 59259, 64000, 0, 9),
('8990001006238', 'Engsel 3\" YS/TLD/Plz/HPP/Amani/YSK/', 5723, 9000, 174, 6),
('8990001021176', 'Elbow 3/4 Grest/intilon/SCG/Vinilon', 1777, 3000, 378, 21),
('8990001019144', 'Stop kontak Twindog 2 lbg TD-7003', 12400, 18000, 0, 19),
('8990001019145', 'Stop kontak Visalux/Twindog 3 lbg T', 15664, 22000, 0, 19),
('8990001019146', 'Stop kontak Twindog 4 lbg TD-6004', 19000, 25000, 1, 19),
('8990001019147', 'Steker Twindog TD-8351/8359', 6000, 10000, 3, 19),
('8990001006230', 'Kunci Y 8x10x12 Tekiro', 17000, 24000, 0, 6),
('8990001006231', 'Kunci Y 10x12x14 Tekiro', 18000, 25000, 0, 6),
('8990001006232', 'Kunci Y 12x14x17 Tekiro', 18000, 25000, 1, 6),
('8990001005305', 'Obeng BB 4 mm Ferza', 5542, 12000, 0, 5),
('8990001029044', 'Single Braket Gorden', 650, 1500, 96, 29),
('8990001005306', 'Geget Camel/Viper Press', 26833, 35000, 0, 5),
('8990001021177', 'Stopkran pvc gg besi 3/4 Komodo', 13500, 22000, 20, 21),
('8990001004130', 'Pipa Champion aw 3 @ cm', 309, 450, 450, 4),
('8990001021226', 'SDD 1 1/4 SCG', 4590, 8000, 28, 21),
('8990001023065', 'Kuas Tangan 2\" KW 1 Eterna', 7500, 12000, 18, 23),
('8990001001014', 'Semen Merah putih @ 50 kg', 58000, 58500, 0, 1),
('8990001023066', 'Kuas Tangan 1\" Euro Premium', 4458, 7000, 0, 23),
('8990001004078', 'Pipa Trilon Abu abu 4\"', 47000, 58000, 0, 4),
('8990001005307', 'Gagang Gergaji triplek Rush', 10292, 15000, 0, 5),
('8990001006233', 'Gembok Rush 20 mm', 5500, 10000, 1, 6),
('8990001025075', 'Paku beton hitam 1\"', 3000, 6000, 0, 25),
('8990001028044', 'Mata bor Beton 6 mm Prohex', 7000, 12000, 3, 28),
('8990001010013', 'Triplek 3 mm kw 1', 42277, 50000, 311, 10),
('8990001007111', 'Thinner Jako hijau 5 l', 57000, 65000, 0, 7),
('8990001020034', 'Baut hitam 3/8 x 2 1/2', 1150, 2500, 37, 20),
('8990001020035', 'Baut hitam 3/8 x 3', 1292, 2500, 76, 20),
('8990001020036', 'Baut 6 x 40 BMK', 304, 1000, 470, 20),
('8990001020037', 'Baut 8 x 40 Mur', 1074, 2000, 350, 20),
('8990001020038', 'Baut 8 x 60 Mur', 800, 2500, 367, 20),
('8990001020039', 'Baut 8 x 80 Mur', 1262, 2500, 226, 20),
('8990001020040', 'Baut 12 x 60 Mur', 2200, 3500, 31, 20),
('8990001020041', 'Baut 12 x 80 Mur', 2724, 4000, 46, 20),
('8990001006234', 'Grendel Gembok Marbela 2\"/ GTK', 5833, 10000, 0, 6),
('8990001006235', 'GTK Gembok Celica 3\" Antik / GTK', 6667, 12000, 12, 6),
('8990001015028', 'Kabel Tie 3 x 150 mm @ bh', 55, 200, 15, 15),
('8990001005318', 'Meteran 3 m ATS/Essen/Transikeda', 13750, 18000, 10, 5),
('8990001004106', 'Pipa Vitalon aw 1 1/2', 44175, 45000, 19, 4),
('8990001006236', 'Grendel 2\" Warron', 2542, 7000, 1, 6),
('8990001022015', 'Pompa Air Panational/Dab King 125', 215998, 240000, 3, 22),
('8990001009035', 'Keramik 20x25 Palace Claudia Beige', 55500, 60000, 0, 9),
('8990001009036', 'Keramik 20x25 Palace Claudia Blue', 55500, 60000, 2, 9),
('8990001009037', 'Keramik 20x20 Valencia Ambrose Brow', 57259, 62000, 0, 9),
('8990001007112', 'Thinner Jako hijau 1 l', 14000, 18000, 0, 7),
('8990001006237', 'Engsel 4\" Hervey/Glacio/Hermex/Beno', 27113, 38000, 21, 6),
('8990001005308', 'Kepala Bor 10 mm', 22000, 30000, 0, 5),
('8990001004108', 'Pipa Wintilon aw 1 @ cm', 40, 70, 0, 4),
('8990001027014', 'Pintu Fiber 70*200/69*192 polos cre', 240000, 270000, 2, 27),
('8990001016082', 'Bak Cuci Piring tanpa sayap', 90000, 120000, 2, 16),
('8990001004085', 'Pipa Multilon aw 3 @ cm', 175, 220, 0, 4),
('8990001004079', 'Pipa Multilon aw 2 1/2', 67000, 85000, 0, 4),
('8990001004080', 'Pipa Multilon/Ultralon/Vitalon aw 3', 118155, 135000, 42, 4),
('8990001004081', 'Pipa Multilon/Vitalon aw 4', 195254, 225000, 0, 4),
('8990001021182', 'Elbow 3 derjat 45', 9322, 14000, 15, 21),
('8990001016083', 'Kran taman ss 1/2 Kranz KT 02', 27860, 45000, 1, 16),
('8990001016084', 'Kran Angsa Kranz 1/2 KD 01', 56150, 75000, 1, 16),
('8990001016085', 'Kran Angsa Kranz 1/2 KD 02', 73500, 95000, 0, 16),
('8990001005322', 'Mata potong keramik Ander 3222', 29000, 38000, -1, 5),
('8990001004082', 'Pipa Abu abu Matador aw 3', 75000, 95000, 0, 4),
('8990001004083', 'Pipa Intilon aw 1', 42750, 55000, 0, 4),
('8990001004098', 'Pipa Ultralon/Vitalon aw 2 1/2 @ cm', 151, 220, 250, 4),
('8990001004084', 'Pipa PVC SLG Biru 3/4 @ cm', 54, 100, 250, 4),
('8990001024023', 'Kawat Petak Putih 1 x 1 @cm', 125, 170, -250, 24),
('8990001004111', 'Pipa Vitalon aw 2 @ cm', 120, 200, -190, 4),
('8990001020042', 'Skrup Gypsum 6 x 1 1/2 Gias @bh', 85, 150, 870, 20),
('8990001004146', 'Pipa Master aw 3/4 @ cm', 30, 50, -820, 4),
('8990001012020', 'Bak air sudut besar plastik biru', 200000, 240000, 0, 12),
('8990001006293', 'Engsel 3\" Toledo', 4006, 7000, 0, 6),
('8990001004118', 'Pipa Wavin aw 3\"', 206000, 240000, 0, 4),
('8990001008220', 'Besi 10 x 12 SNI MSI/GS/Perwira/KS', 54500, 60000, 0, 8),
('8990001014027', 'Selang Benang 5/8 Aston/Ekahose @ c', 44, 70, 5600, 14),
('8990001006241', 'Kunci Ring pass 8 mm fukung', 7838, 14000, 5, 6),
('8990001007113', 'Thinner botol sedang', 7917, 12000, 0, 7),
('8990001006239', 'Silinder kunci HSJ/AXL kecil', 17625, 25000, 4, 6),
('8990001005309', 'Mata Katam Makita kw 1 1/2 hongkong', 22500, 35000, 5, 5),
('8990001006240', 'Grendel 12\" soligen', 33333, 45000, 2, 6),
('8990001006242', 'Kunci Ring pass 10 mm fukung', 8318, 14000, 11, 6),
('8990001006243', 'Kunci Ring pass 17 mm fukung', 17000, 22000, 4, 6),
('8990001006244', 'Kunci Ring pass 19 mm fukung', 15545, 25000, 6, 6),
('8990001006245', 'Kunci Ring pass 24 mm fukung', 25000, 32000, 3, 6),
('8990001006298', 'Engsel sendok CIC', 3000, 6000, 24, 6),
('8990001004086', 'Pipa Abu abu Matador aw 4', 100000, 130000, 0, 4),
('8990001005310', 'Mata potong keramik Bosun F5', 49560, 65000, 0, 5),
('8990001007114', 'Flinkote Century 1 kg', 22100, 35000, 2, 7),
('8990001023067', 'Kuas Tangan 1,5\" Euro Premium', 6817, 9000, 3, 23),
('8990001023068', 'Kuas Tangan 2\" Euro Premium', 9100, 13000, 0, 23),
('8990001023069', 'Kuas Tangan 2,5\" Euro Premium', 10958, 15000, 0, 23),
('8990001023070', 'Kuas Tangan 3\" Euro Premium', 14125, 18000, 0, 23),
('8990001023071', 'Kuas Tangan 4\" Euro Premium', 21750, 28000, 0, 23),
('8990001016145', 'Kran ss 3/4 Yuta Bibcock Blue BCB', 27750, 40000, 20, 16),
('8990001011024', 'Seng plat gulung 60 cm @cm', 186, 230, 0, 11),
('8990001011027', 'Seng Warna Hocky Maron 6x11', 43750, 46000, 0, 11),
('8990001005390', 'Gerobak Prohex', 360000, 400000, 0, 5),
('8990001007150', 'Cat Minyak 100 cc Ducolac silver', 7440, 10000, 0, 7),
('8990001004088', 'Pipa Multilon aw 4 @ cm', 262, 350, 0, 4),
('8990001010038', 'Triplek mika warna kunci tebal', 115000, 130000, 8, 10),
('8990001029048', 'Siku Rak 3 x 4 Soligen Putih @ bh', 1700, 4000, 1, 29),
('8990001009038', 'Closet Jongkok FWC/KA', 145000, 170000, 4, 9),
('8990001006246', 'Engsel 3\" HPP sn', 6037, 9000, 0, 6),
('8990001006247', 'Handle pintu Belgren/Luxury ss kaps', 111429, 150000, -2, 6),
('8990001029045', 'Serbuk Intan Srilanka @ btl', 35000, 60000, 3, 29),
('8990001029046', 'Amplas kulit gosok batu cincin', 7000, 10000, 24, 29),
('8990001005311', 'Kepala Bor 13 MM San Ou', 25000, 35000, 5, 5),
('8990001006248', 'Kunci pintu Cap Jangkar kecil AVE', 44305, 60000, 8, 6),
('8990001017012', 'Tali Jemuran 6 mm', 14999, 20000, 22, 17),
('8990001011025', 'Bola bola/nok hitam/Coklat/Maron', 17025, 20000, 9, 11),
('8990001012021', 'Bak air plastik Club Classic', 140955, 190000, 0, 12),
('8990001019182', 'Klem kabel 12 Master/Visalux', 7156, 12000, 25, 19),
('8990001008014', 'Besi 6 x 12 kecil sedang /4,8 x 12 ', 24500, 30000, 13, 8),
('8990001027015', 'Pintu Fiber Muriko plus Jalusi Biru', 230000, 250000, 1, 27),
('8990001019149', 'Bola Lampu Omi 20 w', 4900, 10000, 0, 19),
('8990001019150', 'Stop kontak Twindog 2 lbg switch', 19600, 25000, 1, 19),
('8990001019151', 'Stop kontak Twindog 3 lbg switch', 22600, 28000, 4, 19),
('8990001027016', 'Pintu Fiber Muriko plus Jalusi Pink', 210000, 230000, 0, 27),
('8990001020043', 'Dinabolt 8 x 85', 1802, 3000, 233, 20),
('8990001020044', 'Dinabolt 10 x 97', 3368, 4500, 85, 20),
('8990001005312', 'Obeng 2 way Camel/USA Toledo', 14192, 22000, 21, 5),
('8990001009039', 'Keramik 40x40 Ikema putih', 54000, 62000, 0, 9),
('8990001010014', 'Gnet Board/Indoboard/Kalsiboard 3,5', 46913, 54000, 7, 10),
('8990001010015', 'Paku Kalsi @ kg', 45000, 55000, 0, 10),
('8990001018034', 'Lem Banteng 1 kg kw 1', 28278, 35000, 1, 18),
('8990001018035', 'Lem kambing 100 cc klg', 5500, 8000, 0, 18),
('8990001005313', 'Brush Mangkok prohex/nishiki kuning', 8000, 20000, 1, 5),
('8990001001015', 'Semen Garuda @ 50 kg', 59113, 63000, 16, 1),
('8990001005314', 'Pahat beton 10\" orange/GLT/SJT', 15202, 25000, 2, 5),
('8990001006249', 'Kunci Tanggung CAB/Quattro', 76000, 95000, 16, 6),
('8990001012022', 'Tangki Air 500 L Dragon Orange', 500000, 560000, 0, 12),
('8990001004090', 'Pipa PVC 1 1/4\" Wintilon ', 35555, 45000, 2, 4),
('8990001019152', 'Klem kabel deka no.10 @ bh', 118, 400, 0, 19),
('8990001029047', 'Katrol air SAR 4\"', 42000, 55000, 0, 29),
('8990001005315', 'Scrap pvc tangkai 4\" Jayaboard', 19000, 23000, 12, 5),
('8990001005316', 'Scrap pvc tangkai 8\" Jayaboard', 24000, 28000, 10, 5),
('8990001005317', 'Scrap pvc tangkai 6\" Jayaboard', 22000, 26000, 7, 5),
('8990001011077', 'Seng G Net Wave coklat 0,23', 50000, 54000, 0, 11),
('8990001021240', 'Klep pvc 3/4 Jumbo Power /tirta ken', 12292, 20000, 53, 21),
('8990001007115', 'Cat Tembok 25 kg Avitek', 535853, 585000, 0, 7),
('8990001017013', 'Tali nilon 12 mm hijau kurik @ cm', 28, 50, 9280, 17),
('8990001007116', 'Cat Tembok 25 kg Hitto Std', 214971, 240000, 6, 7),
('8990001007117', 'Thinner Cobra hijau 5 l', 91259, 120000, 8, 7),
('8990001007118', 'Cat Semprot Diton Stabilo', 22885, 27000, 18, 7),
('8990001005358', 'Tang Kombinasi 7\" biasa', 12083, 20000, 3, 5),
('8990001029049', 'Siku Rak 4 x 6 Soligen Putih @ bh', 3800, 6000, 0, 29),
('8990001029050', 'Siku Rak 10 x 12 Soligen Putih', 12000, 15000, 0, 29),
('8990001029051', 'Siku Rak 8 x 12 Soligen Putih @ bh', 9000, 14000, 15, 29),
('8990001005319', 'Waterpass magnet 18\" Palazzo', 14970, 20000, 2, 5),
('8990001012023', 'Tangki Air stanless 1100 ltr Tedmon', 3670000, 3770000, 0, 12),
('8990001021178', 'Tee 1/2 SCG/Power', 2349, 4000, 97, 21),
('8990001005348', 'Baut Cacing 6 x 1 1/2\"', 117, 250, 1786, 5),
('8990001005320', 'Pisau Acrylic besent', 60000, 80000, 6, 5),
('8990001005321', 'Isi pisau cutter acrylic besent', 20000, 28000, 6, 5),
('8990001016086', 'Saringan Kamar Mandi besi Fiorentin', 35000, 65000, 1, 16),
('8990001028045', 'Mata bor beton Colok Ander 6', 12000, 20000, 0, 28),
('8990001028046', 'Mata bor beton Colok 8 Matsu/KSS/An', 13000, 22000, 1, 28),
('8990001028047', 'Mata bor beton Colok Ander/Matsu 10', 14000, 27000, 0, 28),
('8990001028048', 'Mata bor beton Colok Ander 12', 23000, 30000, 1, 28),
('8990001011026', 'Seng Warna Super Mulia maron', 40002, 45000, 1, 11),
('8990001025076', 'Paku 3 1/2\" @ 8 kg', 120000, 135000, 3, 25),
('8990001008218', 'Besi 16 x 12 SNI Besar', 142000, 148000, 0, 8),
('8990001014028', 'Selang Spiral 3/4 Orange/Putih @cm', 21, 40, 0, 14),
('8990001014029', 'Selang Benang 1/2 Deluxe @rol', 305000, 350000, 0, 14),
('8990001025077', 'Paku Ripet 675', 165, 300, 0, 25),
('8990001007119', 'Cat Aries Gold 18 kg', 266863, 290000, 1, 7),
('8990001027017', 'Pintu pvc lipat', 360000, 390000, 0, 17),
('8990001010016', 'Paku Kalsi @ gr', 45, 55, 2000, 10),
('8990001005323', 'Mata potong Keramik Ander 3216', 43000, 55000, 0, 5),
('8990001005324', 'Cup Wheel Ander 2001', 40000, 50000, 2, 5),
('8990001005325', 'Mesin Gerinda Anchor', 310000, 380000, 0, 5),
('8990001005326', 'Mesin bor Anchor 10', 280000, 350000, 0, 5),
('8990001005327', 'Gergaji Kayu Rush/Venice', 22085, 35000, 1, 5),
('8990001005328', 'Martil 0,25 Viper/Fata/AP/SJT/FIT/U', 21488, 32000, 2, 5),
('8990001005511', 'Deskrup 1/4x3', 994, 1500, 213, 5),
('8990001006250', 'Gembok 30 mm Nishio/Exito', 7078, 14000, 22, 6),
('8990001022016', 'Pompa Air Sanyo PWH 75', 340000, 390000, 0, 22),
('8990001004091', 'Pipa Tulip aw 2 @ cm', 98, 120, 370, 4),
('8990001005339', 'Mata Gergaji Triplek', 1000, 1500, 24, 5),
('8990001013015', 'Plamir DJ PRP 5 kg', 49590, 58000, 4, 13),
('8990001007125', 'Membrane No Drop 10 cm x 10 m', 16270, 20000, 48, 7),
('8990001016087', 'Kran Angsa Kranz 1/2 KD 05 Fleksibe', 110600, 140000, 0, 16),
('8990001019162', 'Saklar Engkel Visalux OB 8200', 7000, 15000, 3, 19),
('8990001004092', 'Pipa Power aw 3/4 x 4 m', 22041, 30000, 0, 4),
('8990001006251', 'Hak angin Keegan Bulat KG-002', 3583, 7000, 0, 6),
('8990001006252', 'Gembok Koper warna 23/20 mm Rocia', 8800, 12000, 3, 6),
('8990001014030', 'Selang Benang 1/2 Deluxe @ cm', 32, 40, 5150, 14),
('8990001002017', 'Kayu 5 x 10 sinso', 46000, 55000, 0, 2),
('8990001014031', 'Selang Benang 3/4 Ekahose @cm', 62, 80, -200, 14),
('8990001014032', 'Selang Benang 1 Falcon/Ekahose @cm', 110, 140, 300, 14),
('8990001014033', 'Selang Benang 3/4 Ekahose @rol', 600000, 650000, 0, 14),
('8990001014034', 'Selang Benang 1 Falcon/Ekahose @rol', 505178, 560000, 1, 14),
('8990001014035', 'Selang Benang 5/8 Ekahose @rol', 470000, 520000, 0, 14),
('8990001006291', 'Handle pintu Yellza HD-33/35/Polos', 55000, 85000, 1, 6),
('8990001004093', 'Pipa Ultralon/Vitalon aw 2 1/2', 83252, 105000, 4, 4),
('8990001017014', 'Tali nilon 5 mm hijau kurik @ cm', 6, 15, 0, 17),
('8990001029052', 'Roda pagar 3\"', 25182, 40000, 0, 29),
('8990001006253', 'Gembok Fili 40 mm pdk', 10500, 15000, 0, 6),
('8990001006254', 'Gembok 50 mm Nishio/Fili kuning/hab', 13335, 18000, 0, 6),
('8990001020045', 'Baut 6 x 20 BMK', 401, 1000, 375, 20),
('8990001005329', 'Mata sock Camel/MTV/Nikken/K55/Free', 4420, 10000, 5, 5),
('8990001006277', 'Silinder kunci Jazz/Erdos kecil', 17494, 25000, 1, 6),
('8990001023072', 'Kuas Tangan 1 1/2\" Prima/Carmen', 4297, 8000, 47, 23),
('8990001018036', 'Lem pvc Viplas', 5914, 8000, 11, 18),
('8990001008020', 'Besi 6 x 6 Begol besar', 5000, 8000, 0, 8),
('8990001010017', 'Triplek pintu 4 mm', 45000, 54000, 0, 10),
('8990001009063', 'Keramik 40x40 Kita Oscar M Pearl', 58000, 62000, 0, 9),
('8990001005331', 'Meteran York/Toledo 5 m', 9375, 18000, 0, 5),
('8990001005332', 'Meteran York 7,5 m', 15833, 25000, 0, 5),
('8990001016088', 'Kran ss besi 1/2 King Mark', 55000, 70000, 5, 16),
('8990001005333', 'Obeng Rush 4\"', 3334, 7000, 5, 5),
('8990001021179', 'Stopkran pvc 3/4 New Sanho', 11000, 18000, 0, 21),
('8990001015029', 'Klem Selang Stainless 5/8\"', 900, 3000, 27, 15),
('8990001022017', 'Karet Pompa air Shimizu', 1500, 4000, 8, 22),
('8990001005334', 'Pahat Kayu 1/2 Masaki/Ferza/Stanle', 16397, 22000, 14, 5),
('8990001005335', 'Pahat Kayu 5/8 Stanlee/Steelie/Ferz', 20783, 28000, 11, 5),
('8990001028049', 'Mata Bor Kayu 5/8 x L8 Stanvick', 23000, 32000, -1, 28),
('8990001028050', 'Mata Bor Kayu 3/4 x L8 Stanvick', 26500, 35000, 2, 28),
('8990001005336', 'Mata pot Kayu 4\"BlackFoot/Fujiyama/', 22500, 35000, 0, 5),
('8990001019171', 'Stop kontak 1 lbg Shukaku', 6900, 12000, 2, 19),
('8990001004125', 'Pipa Citilon aw 2 @ cm', 84, 130, 0, 4),
('8990001005337', 'Isi pisau Cutter Stamvick/AZ @ ktk ', 3329, 10000, 12, 5),
('8990001018037', 'Lem Fox putih botol 150 gr', 7200, 13000, 0, 18),
('8990001008219', 'Besi 12 x 12 PII/SRB', 65000, 70000, 25, 8),
('8990001006297', 'GTK Toledo/Nishio/Fit 2 3/4', 5083, 12000, 3, 6),
('8990001021180', 'Klep pvc 3/4 Jumbo Yuta', 8757, 15000, 3, 21),
('8990001021181', 'Klep pvc 1 Jumbo Yuta', 9639, 18000, 3, 21),
('8990001016089', 'Kran Shower Yuta 1/2 AGZ', 17703, 35000, 10, 16),
('8990001004101', 'Pipa Tulip aw 2 1/2 @ cm', 145, 180, 0, 4),
('8990001004112', 'Pipa Oka aw 2 1/2', 68000, 75000, 16, 4),
('8990001005346', 'Gunting Besi 42\" YS/SJT', 270000, 310000, 0, 5),
('8990001011045', 'Seng Jaya Dex coklat 3,5', 2500, 2600, 0, 11),
('8990001021183', 'Klep pvc 3/4 Jumbo Royal', 11500, 18000, 1, 21),
('8990001021184', 'Klep pvc Bestco 1\" kw 1', 7750, 14000, 0, 21),
('8990001021185', 'Klep pvc Bestco 3/4\" kw 1', 6500, 10000, 0, 21),
('8990001025078', 'Paku Terali 1 1/2 @ gram', 170, 350, 230, 25),
('8990001005338', 'Helm Proyek', 22000, 30000, 12, 5),
('8990001004094', 'Pipa PVC 1\" Anata Plus/Wintilon', 23300, 30000, 11, 4),
('8990001004095', 'Pipa Vitalon aw 3 @ cm', 215, 330, 500, 4),
('8990001012036', 'Tangki air Tedmond 1100 l', 1328000, 1450000, 1, 12),
('8990001005342', 'Tang potong Keramik Nishio/SJT/Pala', 16248, 25000, 6, 5),
('8990001005340', 'Bosun F4', 63103, 80000, 27, 5),
('8990001016090', 'Shower cebok bidet i-cool 2A/4A', 75000, 85000, 0, 16),
('8990001006255', 'Engsel 3\" Rush tebal', 8750, 15000, 1, 6),
('8990001006256', 'Engsel 4\" Rush tebal', 12083, 20000, 0, 6),
('8990001016091', 'Kran Angsa 1/2 Sink Tab Yuta', 43155, 70000, 0, 16),
('8990001029053', 'Autosol kecil', 6750, 12000, 0, 29),
('8990001005341', 'Kikir Yozuri plus gagang kayu', 8500, 14000, 6, 5),
('8990001006257', 'Kunci Top 627', 45988, 60000, 25, 6),
('8990001006271', 'Kunci pintu Stalion/Classic besar', 87714, 110000, 22, 6),
('8990001027018', 'Pintu Panel Oven ED 02 uk 210x82x32', 260000, 300000, 1, 27),
('8990001027019', 'Pintu Minimalis Oven LT 02 uk 200x8', 600000, 680000, 1, 27),
('8990001004109', 'Talang Petak putih @ cm champio', 143, 175, 100, 4),
('8990001019153', 'Steker Camry slim', 1800, 5000, 2, 19),
('8990001019185', 'Saklar Seri OB HTC 832', 7417, 12000, 18, 19),
('8990001004096', 'Pipa Tulip aw 2 1/2', 74363, 95000, 0, 4),
('8990001004097', 'Pipa Tulip aw 3', 114584, 135000, 0, 4),
('8990001010018', 'Triplek mika putih polos/cap bintan', 77500, 95000, 0, 10),
('8990001006278', 'Gembok Osiris 45 mm pjg', 24000, 35000, 0, 6),
('8990001004099', 'Pipa PVC 2 1/2\" Urano/Athena @ cm', 124, 160, 130, 4),
('8990001004100', 'Pipa Listrik putih Champion/Power 5', 5100, 8000, 142, 4),
('8990001009049', 'Keramik 25x40 Uno FA-25867', 71000, 75000, 3, 9),
('8990001009040', 'Closet Jongkok Donato/King', 115000, 135000, 0, 9),
('8990001005345', 'Anak pisau Cutter', 657, 1000, 39, 5),
('8990001023073', 'Kuas Lukis No. 3', 1334, 4000, 10, 23),
('8990001020046', 'Fisher plus Skrup 6\" @ ktk biru', 8000, 14000, 8, 20),
('8990001020047', 'Fisher plus Skrup Masaki 8', 210, 600, 17, 20),
('8990001020048', 'Fisher plus Skrup Masaki 10', 330, 1000, 80, 20),
('8990001020049', 'Fisher plus Skrup Masaki 12', 1000, 2000, 25, 20),
('8990001004102', 'Pipa Starion aw 2 1/2', 61000, 75000, 0, 4),
('8990001016092', 'Kran cabang Yuta 1/2 TDOZ', 84150, 120000, 0, 16),
('8990001004103', 'Pipa Intilon aw 1 @ cm', 75, 100, 450, 4),
('8990001005516', 'Baut Cacing 6x2 JF', 202, 1000, 302, 5),
('8990001004104', 'Pipa Vitalon aw 4 @ cm', 322, 450, -940, 4),
('8990001018038', 'Isolasi National b', 6398, 10000, 91, 18),
('8990001028051', 'Mata bor beton 4 mm Taketa', 2700, 6000, 0, 28),
('8990001028052', 'Mata bor beton 5 mm Masaki/Taketa', 3309, 7000, 15, 28),
('8990001028053', 'Mata bor beton 6 mm Masaki/Taketa', 4352, 10000, 35, 28),
('8990001006258', 'Grendel bulat hitam 3 YS', 1917, 5000, 2, 6),
('8990001018039', 'Lem kaca Sealant kcl Derfoe tube', 5083, 10000, 3, 18),
('8990001004124', 'Talang Bulat @ cm', 119, 170, 0, 4),
('8990001017019', 'Tali nilon 1 1/2 Amila glg besar', 18200, 25000, 2, 17),
('8990001005343', 'Baut Cacing 8 x 2 1/2\"', 366, 1000, 511, 5),
('8990001005344', 'Mata Gerinda Pot 7x6 Ultra touch bs', 16000, 22000, 10, 5),
('8990001017015', 'Tali jemuran 4 mm @ 10 mtr', 7000, 10000, 10, 17),
('8990001005347', 'Garukan sampah pendek/kecil', 15000, 23000, 0, 5),
('8990001004105', 'Pipa Tulip aw 4\"', 174500, 195000, 0, 4),
('8990001016095', 'Kran Cabang Kranz 1/2 KM 01', 70840, 90000, 1, 16),
('8990001019154', 'Fiting plafon twindog', 6800, 10000, 0, 19),
('8990001004107', 'Pipa Tulip aw 3 @ cm', 222, 300, 45, 4),
('8990001007121', 'Cat Duco Fastco 1 kg', 97012, 125000, 9, 7),
('8990001006259', 'Grendel 2 JMJ', 6105, 10000, 0, 6),
('8990001006260', 'Grendel 3 JMJ', 8750, 15000, 3, 6),
('8990001006261', 'Grendel 4 JMJ', 11250, 18000, 10, 6),
('8990001005349', 'Baut Cacing 8 x 1 1/2', 174, 500, 1503, 5),
('8990001005350', 'Baut Cacing 10 x 3 JF', 484, 1000, 242, 5),
('8990001005351', 'Deskrup 1/4 x 2 1/2', 494, 1000, 268, 5),
('8990001028055', 'Mata bor besi 10 mm BHT/Benz', 14000, 22000, 13, 28),
('8990001005352', 'Baut Rofing 25 mm/12x1 @bh/habis', 171, 400, 0, 5),
('8990001007122', 'Thinner Prisma Merah 3,5 L/bengkel', 66438, 75000, 21, 7),
('8990001005370', 'Tang Kombinasi 8 Nishio', 10167, 18000, 2, 5),
('8990001007198', 'Pelapis Anti Bocor 1 kg Deck Wall', 81000, 95000, 1, 7),
('8990001005353', 'Gagang Gergaji PVC', 5000, 10000, 14, 5),
('8990001005354', 'Obeng Voss besar 2 way', 17000, 23000, 2, 5),
('8990001005355', 'Obeng Voss mini 2 way', 8000, 14000, 2, 5),
('8990001005356', 'Pisau Cutter ElGladio/CS/Haixin', 7500, 13000, 9, 5),
('8990001009056', 'Keramik 40x40 Grand Royal putih', 46000, 48000, 141, 9),
('8990001018040', 'Lem seng mini super brand', 4500, 10000, 4, 18),
('8990001005357', 'Palu karet hitam 300 gr', 6167, 12000, 0, 5),
('8990001029057', 'Roda Caster Gpeng ptih 1 Rush nylon', 9500, 18000, 4, 29),
('8990001019201', 'Kabel HYM putih 2x1,5 Allison/Mika ', 28, 70, 1900, 19),
('8990001019156', 'Kabel NYA 2,5 @ 50 Hensonic/ I-Best', 218000, 160000, 2, 19),
('8990001019157', 'Kabel Trans 2 x 80 @ 30 m', 60400, 75000, 1, 19),
('8990001006262', 'Kunci Cyclone siro sn', 90000, 120000, 0, 6),
('8990001016093', 'Bak Cuci Piring Royal 1 lbg', 160000, 200000, 0, 16),
('8990001024019', 'Kawat Petak Hijau 3/4x3/4 @ roll', 93000, 135000, 0, 24),
('8990001007123', 'Damdex 0,5 L', 27500, 35000, 1, 7),
('8990001008016', 'Besi 8 x 12 LTS/PSI/PJ/HSTY/RPS/Per', 53153, 58000, 249, 8),
('8990001006263', 'Kunci pintu CAB/Evelyn/Oryza/Altis/', 90455, 110000, 11, 6),
('8990001006264', 'Kunci pintu Quattro besar ', 90000, 125000, 0, 6),
('8990001019159', 'Klem kabel no.7 biasa', 2800, 7000, 0, 19),
('8990001020050', 'Dinabolt 12 x 100', 2645, 3500, 31, 20),
('8990001016094', 'Kran PVC Rush warna 1/2x3/4', 4167, 8000, 32, 16),
('8990001020051', 'Ring plat M10', 236, 700, 39, 20),
('8990001020052', 'Ring plat M12', 285, 750, 98, 20),
('8990001008015', 'Besi 13 x 12 Ulir RPS/PJ/KSJI/Perwi', 93654, 115000, 0, 8),
('8990001006265', 'Kunci pintu VPR/Vezel/Agnelli b', 94962, 120000, 0, 6),
('8990001006266', 'Silinder kunci VPR besar', 24702, 35000, 2, 6),
('8990001007133', 'Cat Minyak 0,8 kg Simpati', 44458, 55000, 221, 7),
('8990001005359', 'Pompa sepeda Alloy SJT biasa', 21125, 30000, 4, 5),
('8990001023074', 'Kuas Tangan 1\" Putih Exito', 1458, 5000, 1, 23),
('8990001023075', 'Kuas Tangan 1,5\" Putih Exito', 2167, 6000, 5, 23),
('8990001023076', 'Kuas Tangan 2\" Putih Exito', 2875, 7000, 4, 23),
('8990001023077', 'Kuas Tangan 2,5\" Putih Exito/habis', 3583, 8000, 0, 23),
('8990001023078', 'Kuas Tangan 3\" Putih Exito', 4292, 9000, 0, 23),
('8990001023079', 'Kuas Tangan 4\" Putih Exito', 6250, 12000, 0, 23),
('8990001005360', 'Baut Rofing 40 mm SDS Mski 12x1 1/2', 152, 500, 466, 5),
('8990001005381', 'Gunting Besi 30\" MCC/YS', 155300, 190000, 2, 5),
('8990001006373', 'Kunci Universal 9-32 mm Jing Da', 40000, 60000, 3, 6),
('8990001012025', 'Bak air Plastik GM/WHC/Club Class k', 115000, 140000, 15, 12),
('8990001019158', 'Kabel NYA 2,5 I-Best/Tajimaco @ cm', 31, 40, 2950, 19),
('8990001006267', 'Engsel Bubut 1\"', 10000, 15000, 0, 6),
('8990001006268', 'Kunci T 8 mm', 7000, 12000, 0, 6),
('8990001006269', 'Kunci Sock T 10 mm SAR hitam', 11000, 16000, 4, 6),
('8990001006270', 'Kunci T 12 mm', 7000, 13000, 3, 6),
('8990001019212', 'Lampu Brio LED 5 W', 14600, 20000, 0, 19),
('8990001005361', 'Kunci Besi 10 x 12 PER', 20000, 30000, 0, 5),
('8990001021186', 'Soket/sambungan Talang bulat', 5000, 8000, 28, 21),
('8990001021187', 'Tutup talang bulat', 5000, 8000, 9, 21),
('8990001005362', 'Pemotong Keramik Single 251 Massaki', 1000000, 1100000, 0, 5),
('8990001005363', 'Mata Pot Keramik Single 251 Massaki', 105000, 130000, 1, 5),
('8990001012026', 'Tangki Air 1000 L Exel Biru', 1323000, 1500000, 1, 12),
('8990001012027', 'Tangki Air 500 L Exel Biru/Orange', 688500, 890000, 0, 12),
('8990001007124', 'Cat Tembok CityLux 25 kg', 196100, 220000, 0, 7),
('8990001019161', 'Klem kabel no.10 biasa', 2800, 10000, 0, 19),
('8990001025079', 'Paku 1\" @ 8 kg', 133000, 150000, 2, 25),
('8990001005470', 'Baut Rofing 1 1/2 Rush Kuning @ bh', 152, 350, 434, 5),
('8990001004115', 'Pipa Power aw 3/4 @ cm', 55, 70, -150, 4),
('8990001024018', 'Kawat Petak Hijau 1/2x1/2 @ roll', 245000, 280000, 0, 24),
('8990001012028', 'Bak air plastik Rainbow', 90000, 150000, 1, 12),
('8990001004113', 'Pipa Vitalon aw 1 1/2 @ cm', 63, 100, -200, 4),
('8990001001016', 'Semen Keramik Power Bond', 8250, 12000, 8, 1),
('8990001009041', 'Angin semen kawat 30x15', 10000, 15000, 0, 9),
('8990001005364', 'Dodos Lebar kw 1', 50000, 70000, 0, 5),
('8990001004114', 'PipaVinilon aw 3/4', 30827, 37000, 5, 4),
('8990001004158', 'Pipa Anata 1\" @ cm', 42, 80, -1000, 4),
('8990001008017', 'Besi 8 x 12 JUS/JSI/HHS', 33000, 37000, 0, 8),
('8990001002018', 'Kayu 1 x 10', 11000, 15000, 0, 2),
('8990001002019', 'Kayu Ubar besar', 45000, 48000, 0, 2),
('8990001005369', 'Gerobak Stayvic', 305000, 350000, 0, 5),
('8990001016096', 'Kran pvc 1/2,3/4 cabut HKV/HPP', 4746, 10000, 4, 16),
('8990001016097', 'Kran Cabang ss Fio 422 B132', 64500, 85000, 1, 16),
('8990001016098', 'Semprotan pvc kn prohex', 23000, 30000, 3, 16),
('8990001005365', 'Scrap Gagang Karet 2 Toledo', 5792, 10000, 5, 5),
('8990001006272', 'Engsel tipis 2 1/2\" @ psg/habis', 542, 2500, 0, 6),
('8990001005366', 'Pemotong Keramik Double 252 Massaki', 665000, 780000, 0, 5),
('8990001006348', 'Engsel tipis 2 1/2\" @ bh', 438, 1500, 135, 6),
('8990001008018', 'Besi 8 x 12 sni PJ Baru', 56212, 63000, 7, 8),
('8990001023080', 'Kuas Roll Admiral/Sankit Premium', 15000, 20000, 0, 23),
('8990001005367', 'Linggis/kuku kambing Menengah mrah/', 15000, 25000, 0, 5),
('8990001005368', 'Linggis Kecil hitam', 9769, 15000, 19, 5),
('8990001011066', 'Seng Q net Dex span 3,4', 3100, 3200, 0, 11),
('8990001021208', 'Tee 1 Power AW', 4802, 7000, 40, 21),
('8990001005371', 'Palu Kaca gg Kayu 100 gr Fawi', 11667, 18000, 6, 5),
('8990001006273', 'Lobang Grendel tanam Kuningan', 19000, 30000, 2, 6),
('8990001011080', 'Seng TB Elit coklat 4,1', 3200, 3300, 0, 11),
('8990001005372', 'Tambilang/Dodos plus tangkai Tumi', 35000, 50000, 2, 5),
('8990001021193', 'Elbow talang petak putih Asvira', 8100, 14000, 50, 21),
('8990001011028', 'Seng Warna Q Net coklat', 41500, 44000, 0, 11),
('8990001011029', 'Rabung seng warna coklat Q Net', 16500, 19000, 9, 11),
('8990001002020', 'Kayu 4 x 25', 115000, 125000, 0, 2),
('8990001021236', 'Stopkran pvc 1\" Unnu', 18220, 25000, 8, 21),
('8990001007126', 'Rexco Lubricant anti karat', 25500, 40000, 0, 7),
('8990001005373', 'Gunting Beton 30\" Rush/STC', 150000, 195000, 0, 5),
('8990001004163', 'Pipa PVC Urano aw 2\" @ cm', 88, 120, 450, 4),
('8990001015031', 'Klem Selang ss 1 1/4/1 1/2\"', 1188, 4000, 32, 15),
('8990001007127', 'Cat Tembok Simpati 20 kg', 252527, 270000, 11, 7),
('8990001011030', 'Seng Fiber Walrus 1 mm', 81999, 120000, 17, 11),
('8990001007128', 'Mortar Utama 3 kg', 91770, 115000, 1, 7),
('8990001019164', 'Fiting plafon Myvo Bulat warna/Kawa', 5200, 10000, 8, 19),
('8990001021188', 'Stopkran PVC 1/2\" KDJ', 9350, 16000, 0, 21),
('8990001021189', 'Elbow 2 Vinilon 45 derjat', 4114, 8000, 84, 21),
('8990001008019', 'Besi 12 x 12 SNI PSI/PJ/ORI/Perwira', 92808, 105000, 23, 8),
('8990001005374', 'Raskam PVC Tyro', 7500, 15000, 12, 5),
('8990001006274', 'Plat gembok 2 1/2 DLX/Veriz', 1498, 4000, 30, 6),
('8990001006275', 'Plat gembok Veriz 2\"', 750, 3000, 2, 6),
('8990001006276', 'Plat gembok 3\" Rush/Veriz', 1606, 5000, 39, 6),
('8990001023081', 'Bulu Kuas Rol 4\" Rush', 2250, 5000, 1, 23),
('8990001023082', 'Busa Kuas rol 4\"', 3322, 6000, 19, 23),
('8990001005375', 'Scrap seng koala set', 16808, 25000, 0, 5),
('8990001019163', 'Tespent Jumbo Stamvick', 5542, 10000, 6, 19),
('8990001021207', 'Drat Tangki 1x1 1/4', 6000, 10000, 20, 21),
('8990001005376', 'Garukan sampah besar', 25000, 37000, 0, 5),
('8990001012031', 'Bak air Walrus', 190000, 220000, 0, 12),
('8990001016102', 'Kran KUBC 1/2\" Onda', 20720, 30000, 1, 16),
('8990001009042', 'Keramik 40x40 Platinum Lexus cream', 65000, 70000, 0, 9),
('8990001007129', 'Cat Tembok Nippon putih 20 kg', 347781, 400000, 5, 7),
('8990001008021', 'Besi 4 x 6 Begol', 3500, 6000, 0, 8),
('8990001006279', 'Gembok Osiris 55 mm pjg', 28000, 40000, 5, 6),
('8990001005377', 'Baut 6 x 25 BMK', 284, 1000, 187, 5),
('8990001009043', 'Keramik 20x25 Garuda m.blue', 47000, 54000, 0, 9),
('8990001009044', 'Keramik 20x20 Garuda A.blue', 49000, 56000, 0, 9),
('8990001019169', 'Kabel NYM 2 x 2,5 I-best/Venice @cm', 83, 120, 500, 19),
('8990001007130', 'Cat semprot Diton Special Gold', 24191, 30000, 0, 7),
('8990001019165', 'Fiting plafon Shukaku 2277/2288 Kaw', 5700, 12000, 0, 19),
('8990001019166', 'Fiting gantung Kawachi SW-401', 3000, 6000, 5, 19),
('8990001019167', 'Fiting gantung Itami JY-022', 1200, 4000, -2, 19),
('8990001016099', 'Saringan BCP ss Alfina/Soligen kcl', 8178, 22000, 23, 16),
('8990001016100', 'Buangan air bak pvc Jumbo Jess', 2667, 8000, 25, 16),
('8990001004155', 'Pipa Triliun D 2 1/2 @ cm', 115, 150, 280, 4),
('8990001010034', 'Gypsum Knauf / Yoshino Board', 51106, 54000, 40, 10),
('8990001006280', 'Engsel 3\" Aigo/Vion', 6500, 10000, 120, 6),
('8990001007131', 'Cat Tembok Simpati 4 kg Special', 59178, 75000, 29, 7),
('8990001016101', 'Kran Cabang Kranz 1/2 KC 01', 39900, 60000, 0, 16),
('8990001005378', 'Meteran Tanah 50 m KEN/Eslon/Matsu/', 32500, 70000, 3, 5),
('8990001005379', 'Meteran Tanah 100 m SBS/Eslon/ATS/G', 70000, 110000, 3, 5),
('8990001004116', 'Pipa Wintilon aw 1 1/4 @ cm', 65, 100, 680, 4),
('8990001024017', 'Kawat Parabola Baja @ roll', 190000, 250000, 0, 24),
('8990001029054', 'Pengkilap Batu Alam Arca Gloss', 66878, 85000, 1, 29),
('8990001029055', 'Pengkilap Batu Alam Arca Natural', 73075, 90000, 2, 29),
('8990001006281', 'Engsel 3\" HSH', 4750, 7000, 4, 6),
('8990001005380', 'Amplas York @ roll', 220000, 260000, 1, 5),
('8990001020053', 'Skrup Fisher 3/4x6 SJT', 5000, 8000, 2, 20),
('8990001026014', 'Plastik hitam @ gr/roll', 145, 180, 5090, 26),
('8990001006282', 'Silinder kunci Classic besar', 26576, 40000, 18, 6),
('8990001007132', 'Cat Tembok Simpati 4 kg Standar', 52010, 60000, 69, 7),
('8990001021190', 'Elbow 1/2 SCG/Power', 1557, 3000, 149, 21),
('8990001007159', 'Sikacim Concrete 900 ml', 40590, 50000, 9, 7),
('8990001028054', 'Mata bor besi 9,5 mm BHT', 9500, 14000, 2, 28),
('8990001021204', 'Elbow drat dalam 1/2x3/4 kuningan', 9771, 15000, 15, 21),
('8990001028056', 'Mata bor besi 1,5 mm BHT', 950, 3000, 12, 28),
('8990001028057', 'Mata bor besi 4,5 mm BHT', 2400, 5000, 0, 28),
('8990001028058', 'Mata bor besi 5 K55/BENZ/BHT', 3000, 6000, 93, 28),
('8990001028059', 'Mata bor besi 6 mm BHT', 3800, 7000, 0, 28),
('8990001028060', 'Mata bor besi 6,5 mm BHT', 4200, 8000, 2, 28),
('8990001028061', 'Mata bor besi 7 mm BHT', 5500, 9000, 2, 28),
('8990001028062', 'Mata bor besi 7,5 mm BHT', 6250, 12000, 1, 28),
('8990001028063', 'Mata bor besi 8,5 mm BHT', 7750, 12000, 9, 28),
('8990001028064', 'Mata bor besi 9 mm BHT', 8750, 13000, 0, 28),
('8990001021228', 'Soket 1 1/4 SCG', 1328, 4000, 58, 21),
('8990001001017', 'Semen Merah Putih @ 50 kg hrg baru', 60000, 60500, 0, 1),
('8990001020054', 'Skrup gpsum 6x1 @ ktk RR/BBS/LAS/SJ', 39956, 55000, 22, 20),
('8990001020055', 'Skrup gyp 6x1 1/2@ktk YSK/SJT/BBS/A', 35483, 55000, 34, 20),
('8990001004117', 'Talang petak Bahana/Gemilang/Prodi ', 47759, 65000, 1, 4),
('8990001006283', 'Kunci pintu Estillo sedang', 78500, 95000, 0, 6),
('8990001004150', 'Pipa Triliun AW 3 @ cm', 281, 340, 0, 4),
('8990001004119', 'Pipa Wavin aw 2 1/2\"', 149000, 168000, 0, 4),
('8990001023083', 'Kuas tangan 1\" Euro KW', 2979, 6000, 11, 23),
('8990001011031', 'Seng fiber Econolite Roma/habis', 65416, 75000, 0, 11),
('8990001005382', 'Martil Soligen gg besi 0,50', 42839, 55000, 9, 5),
('8990001006284', 'Gembok putih 30 mm Belmondo pdk', 11700, 16000, 2, 6),
('8990001006285', 'Gembok Finn 30 mm pjg', 10050, 18000, 0, 6),
('8990001005383', 'Martil gg besi 0,25 Taketa/Soligen', 31500, 45000, 3, 5),
('8990001029056', 'Timbangan duduk Hioshi Tora/Prohex ', 170000, 170000, 1, 29),
('8990001004136', 'Pipa Triliun AW 2 1/2 x 5,8 m', 117491, 140000, 0, 4),
('8990001005421', 'Baut Cacing 6x1/2', 58, 200, 3572, 5),
('8990001004120', 'Pipa Citilon aw 2', 46000, 58000, 1, 4),
('8990001011032', 'Seng Span Dex 0,3x4,2 mtr Biru', 132300, 142800, 0, 11),
('8990001005492', 'Scrap seng 3\" gg fiber Kura', 7875, 14000, 4, 5),
('8990001004121', 'Pipa Wavin aw 1/2 x 5,7 m', 31366, 38000, 20, 4),
('8990001004122', 'Pipa Wavin aw 3/4 x 5,7 m', 43262, 58000, 11, 4),
('8990001004123', 'Pipa Wavin aw 1', 48000, 60000, 0, 4),
('8990001014036', 'Selang Benang 1/2 Falcon @ cm', 56, 70, 3100, 14),
('8990001014037', 'Selang Benang 5/8 Falcon @ cm', 59, 70, -1100, 14),
('8990001014038', 'Selang Benang 3/4 Falcon @ cm', 75, 90, 980, 14),
('8990001002027', 'Kayu Les K4 kecil', 7935, 12000, 0, 2),
('8990001005384', 'Cangkul mini tangkai crocodil/camel', 22909, 35000, 3, 5),
('8990001009045', 'Keramik 20x25 Garuda S.blue', 48500, 55000, 3, 9),
('8990001009046', 'Keramik Garuda 20x20 m.blue', 47500, 55000, 0, 9),
('8990001005414', 'Mata gerinda tipis Licon/Pegatec', 2640, 8000, 6, 5),
('8990001005434', 'Mata Gerinda tipis Taiyo', 2300, 6000, 197, 5),
('8990001011033', 'Rabung TB DEX biru 0,25', 16500, 22000, 2, 11),
('8990001011034', 'Canal Tera/MK Truss 75-65', 80764, 87000, 200, 11),
('8990001011035', 'Reng MK Truss/Taso 32.45', 41557, 43000, 132, 11),
('8990001011041', 'Seng Jaya Dex coklat 4,1', 2500, 2600, 0, 11),
('8990001006321', 'Kunci pintu Wanly', 62000, 85000, 0, 6),
('8990001019168', 'Pipa besi Antena 6 mtr', 52250, 80000, 0, 19),
('8990001009057', 'Keramik Arwana 20x20 Green', 45126, 52000, 1, 9),
('8990001002021', 'Kayu les 2x2x4', 3000, 6000, 0, 2),
('8990001007134', 'Cat Minyak 3,785 kg Simpati', 206285, 235000, 10, 7),
('8990001006286', 'Kunci Pintu Berluti/Belluci Besar', 175000, 210000, 1, 6),
('8990001006287', 'Kunci Pintu Belluci sedang', 95600, 130000, 0, 6),
('8990001007155', 'Pelapis Anti Bocor 20 kg No Drop', 1074943, 1020000, 1, 7),
('8990001006288', 'Kunci Pintu Trontone Besar', 103000, 130000, 12, 6),
('8990001019170', 'Kabel NYA 2,5 @ 100 yard Tajimaco I', 278000, 310000, 0, 19),
('8990001009076', 'Closet duduk American standar tangk', 1291300, 1350000, 0, 9),
('8990001006289', 'Gembok Nautica 40 mm 10 digit', 20500, 27000, -1, 6),
('8990001006290', 'Kunci Pintu Codiva/Estillo kecil', 65000, 85000, 6, 6),
('8990001015030', 'Kabel Tie 3,6 x 150 @ bks shukaku', 12200, 20000, 2, 15),
('8990001002022', 'Kayu les profil gypsum', 12000, 15000, 0, 2),
('8990001006292', 'Grendel 6\" Soligen', 14017, 22000, 0, 6),
('8990001028105', 'Mata bor beton Colok Massaki 06x110', 8000, 15000, 11, 28),
('8990001022022', 'Pompa Air Panasonic 129JXK', 364500, 400000, 0, 22),
('8990001016103', 'Kran Cabang pvc 1/2 Onan', 35000, 48000, 0, 16),
('8990001006294', 'Engsel 4\" Toledo', 5834, 9000, 9, 6),
('8990001006295', 'Grendel GP Rush 2\"', 2029, 6000, 7, 6),
('8990001016104', 'Kran Angsa Fleksibel SLG/SKL 8820', 74143, 95000, 1, 16),
('8990001005385', 'Sepatu bot Kuning Malaysia', 85000, 100000, 7, 5),
('8990001016105', 'Kran Angsa Onda 1/2 639 CA', 84915, 110000, 0, 16),
('8990001006296', 'Kunci pintu CAB/Etalia', 78000, 110000, 2, 6),
('8990001005386', 'Baut Rofing 30 mm Mski@ktk 12x1 1/4', 120000, 135000, 0, 5),
('8990001005387', 'Baut Rofing 50 mm Ameritech@ktk 12x', 91500, 150000, 8, 5),
('8990001005388', 'Baut Rofing 25 mm Mski@ktk/12x1', 172500, 200000, 0, 5),
('8990001005389', 'Gunting Seng 10\" Tinmans RRT', 13333, 20000, 1, 5),
('8990001005400', 'Baut 8 x 20 BMK', 400, 1500, 315, 5),
('8990001007140', 'Ultran Vernis Propan 0,8', 32073, 45000, 28, 7),
('8990001019172', 'Bola Lampu Visalux 5 w', 22000, 30000, 8, 19),
('8990001019173', 'Bola Lampu Visalux 8 w', 22750, 32000, 6, 19),
('8990001019174', 'Bola lampu Visalux 14 w', 24750, 33000, 7, 19),
('8990001020056', 'Baut 6 x 70 BMK', 708, 1500, 72, 20),
('8990001020057', 'Baut 8 x 25 Mur', 589, 1000, 69, 20),
('8990001020058', 'Baut 10 x 80 Mur', 1581, 3000, 142, 20),
('8990001005514', 'Glue Gun Kenmaster besar', 28000, 40000, 2, 5),
('8990001008022', 'Besi 12 x 12 SNI KS', 77500, 80000, 0, 8),
('8990001022018', 'Pompa air Shimizu 108 semi jet', 675000, 720000, 0, 22),
('8990001005444', 'Baut Rofing 12 x 1 1/4', 200, 300, 355, 5),
('8990001019175', 'Tespent Philips', 7000, 12000, 1, 19),
('8990001029058', 'Isi stapler berent', 4000, 6000, 0, 29),
('8990001020087', 'Baut 10x60 BMK', 2375, 3500, 99, 20),
('8990001011036', 'Penutup pagar Maxilon Lite 0,6 puti', 242, 300, 0, 11),
('8990001019176', 'Bola Lampu Visalux 45 w', 46500, 60000, 1, 19),
('8990001006299', 'Grendel GP Rush 3\"', 2250, 7000, 0, 6),
('8990001005479', 'Scrap pvc 5\" Prima', 1868, 5000, 32, 5),
('8990001020072', 'Skrup gypsum 6 x 2 @ bh', 96, 200, 446, 20),
('8990001012029', 'Tangki Air 1000 L Penguin', 1607500, 1650000, 1, 12),
('8990001005391', 'Pahat Kayu 1 1/4 Stanlee', 15833, 22000, 1, 5),
('8990001005392', 'Pahat Kayu 1 1/2 Ferza', 15417, 24000, 0, 5),
('8990001016106', 'Selang BCP Double Techplast', 36000, 48000, 1, 16),
('8990001005393', 'Mesin bor Modern set 13 mm M-2130B', 275000, 320000, 0, 5),
('8990001006300', 'Kunci ring Pass Prohex 11 mm', 9500, 14000, 8, 6),
('8990001006301', 'Kunci Ring Pass Prohex 13 mm', 11250, 16000, 6, 6),
('8990001005394', 'Garden Tools set Koala/kebun', 14000, 20000, 3, 5),
('8990001011068', 'Zigzag Inspiro Doff Ruby Black M28,', 31850, 35000, 0, 11),
('8990001012030', 'Tangki air Bambu Sumatera 500 ltr', 388787, 440000, 6, 1),
('8990001002023', 'Kayu les petak polos 2x2x2', 4000, 8000, 0, 2),
('8990001006302', 'Engsel 4\" Rush ktk hitam', 9000, 15000, 0, 6),
('8990001006303', 'Silinder kunci Exito', 15417, 22000, 1, 6),
('8990001006304', 'Engsel 3\" Rush ktk hitam', 6500, 13000, 2, 6),
('8990001005395', 'Mata pot Kayu Progent 7x24', 36000, 45000, 2, 5),
('8990001005396', 'Mata pot Kayu Progent 7x60', 46000, 55000, 1, 5),
('8990001005397', 'Gerobak Parfalla/Alpha Merah', 440000, 480000, 0, 5),
('8990001016', 'Kran ss 1/2 Yuta BCOH Bibcock', 24932, 38000, 6, 16),
('8990001016107', 'Kran ss 1/2 Yuta BMLF tangkai pdk', 34525, 47000, 0, 16),
('8990001022021', 'Karet Flange Pompa/Lidah', 2667, 5000, 56, 22),
('8990001023084', 'Kuas tangan 1,5\" Euro KW', 4496, 8000, 11, 23),
('8990001023085', 'Kuas tangan 2\" Euro KW', 5996, 10000, 5, 23),
('8990001023086', 'Kuas tangan 2,5\" Euro KW', 7488, 12000, 16, 23),
('8990001023087', 'Kuas tangan 3\" Euro KW', 9000, 14000, 4, 23),
('8990001023088', 'Kuas tangan 4\" Prima/Euro KW', 14175, 22000, 2, 23),
('8990001005415', 'Obeng Ketok Set ATS', 47500, 65000, 1, 5),
('8990001020059', 'Fisher 6 putih/Masaki/Malkin/Mundex', 5000, 12000, 9, 20),
('8990001013016', 'Dempul Kayu 0,5 kg Pritex', 11000, 15000, 0, 13),
('8990001005398', 'Mata pot Kayu Yozuri/Oxford 4x40', 17050, 35000, 8, 5),
('8990001016109', 'Kran ss 8833 F CKU 3/4 ', 20000, 28000, 1, 16),
('8990001010039', 'Kalsi Bintang Board 3,5 mm', 48000, 54000, 2, 10),
('8990001019206', 'Bola Lampu Katia 15 w LED', 12000, 20000, 7, 19),
('8990001005399', 'Mesin Katam/Planer Makita M 1901 B', 902500, 990000, 1, 5),
('8990001005401', 'Baut Rofing 45 12x1 3/4 Phoenix isi', 89600, 120000, 10, 5),
('8990001005402', 'Baut Rofing 40 mm Mski@ktk 12x1 1/2', 152500, 180000, 0, 5),
('8990001006305', 'Engsel 4\" HSH', 5667, 8000, 0, 6),
('8990001009048', 'Bon bon Keramik pjg 20 cm', 715, 1200, 2632, 9),
('8990001006306', 'Kunci Ring Pass 14 mm Fukung', 11083, 16000, 3, 6),
('8990001024021', 'Kawat Petak Putih 1 x 1 @ rol', 200000, 230000, 0, 24),
('8990001019177', 'Saklar Engkel Panasonic WEJ', 14340, 20000, 2, 19),
('8990001004127', 'Pipa Vinilon aw 3/4 @ cm', 55, 70, 420, 4),
('8990001006307', 'Kunci laci SBS/Top', 2583, 6000, -2, 6),
('8990001010024', 'Lisplang Conwood 2 in 1 16 mm', 95000, 110000, 1, 10),
('8990001019178', 'Saklar Seri Panasonic WEJ', 23184, 30000, 4, 19),
('8990001002024', 'Kayu Lamsering', 15000, 20000, 0, 2),
('8990001007135', 'Cat Tembok Simpati 20 kg Special', 287203, 340000, 4, 7),
('8990001022019', 'Flange Pompa', 8000, 15000, 18, 22),
('8990001024020', 'Kawat Las Fisch 2,6x350 mm @ 2,5 kg', 36250, 45000, 0, 24),
('8990001005403', 'Tang Wayer mini Megatec', 30000, 40000, 5, 5),
('8990001005404', 'Gagang kikir pvc', 4600, 8000, 3, 5),
('8990001006308', 'Kunci Pipa Prohex 24\"', 126000, 145000, 2, 6);
INSERT INTO `barang` (`idbarang`, `nm_barang`, `hrg_modal`, `hrg_satuan`, `stok`, `idkategori`) VALUES
('8990001006309', 'Kunci Pipa Prohex 18\"', 82000, 110000, 1, 6),
('8990001010028', 'Triplek 12 mm', 147500, 160000, 0, 10),
('8990001013021', 'Plamir Propan 5 kg', 44712, 55000, 1, 13),
('8990001007136', 'Cat Tembok 5 kg Lippo Exlusive', 76632, 90000, 0, 7),
('8990001020060', 'Skrup gypsum kotak putih @ ktk', 30000, 42000, 2, 20),
('8990001024022', 'Kawat Petak Putih 3/4 x 3/4 @ roll', 228334, 290000, 2, 24),
('8990001014040', 'Selang Benang 1/2 Dollar Biru', 31, 50, 1250, 14),
('8990001022020', 'Pompa Air National GP-125', 305000, 350000, 1, 22),
('8990001011037', 'Rabung seng coklat 180 cm', 24791, 27000, 6, 11),
('8990001006310', 'Kunci Pintu AP', 65000, 85000, 2, 6),
('8990001009050', 'Keramik 40x40 Asia Tile Zulu', 47000, 55000, 3, 9),
('8990001009051', 'Keramik 40x40 Asia Tile putih polos', 43500, 46000, 8, 9),
('8990001006311', 'Engsel 4\" Estillo tebal', 21654, 28000, 2, 6),
('8990001006312', 'Kunci pintu Belluci Red Label', 162500, 200000, 1, 6),
('8990001028065', 'Mata bor beton 4 mm Ultra Prohex', 7691, 12000, 1, 28),
('8990001007137', 'Cat Tembok 1 kg Maritek Std', 20313, 27000, 39, 7),
('8990001005405', 'Mata Katam/Planer Makita Asli 82', 104762, 140000, 8, 5),
('8990001015032', 'Kabel Tie 3 x 150 Hitam Kenmstr/Pro', 8500, 14000, 1, 15),
('8990001006313', 'Grendel 8 Soligen', 25208, 32000, 12, 6),
('8990001006314', 'Gembok Jaket 50 mm Finn', 22000, 32000, 0, 6),
('8990001018051', 'Lem pipa Pythonplas klg/Viplas boto', 9338, 15000, 47, 18),
('8990001015033', 'Kabel Tie 4 x 200 Hitam Prohex', 12500, 20000, 0, 15),
('8990001005406', 'Hole Saw Set Black Foot', 145000, 170000, 0, 5),
('8990001027021', 'Pintu fiber kaca RWN ', 480000, 520000, 0, 27),
('8990001028066', 'Mata bor beton 5 mm Ultra Prohex', 8200, 12000, 0, 28),
('8990001028067', 'Mata bor beton 6 mm Ultra Prohex', 9000, 13000, 0, 28),
('8990001028068', 'Mata bor beton 8 mm Ultra Prohex', 13000, 18000, 0, 28),
('8990001028069', 'Mata bor beton 10 mm Ultra Prohex', 15000, 20000, 0, 28),
('8990001028070', 'Mata bor beton 12 mm Ultra Prohex', 21000, 28000, 4, 28),
('8990001028071', 'Mata bor besi 6 mm Prohex', 13500, 20000, 7, 28),
('8990001028072', 'Mata bor besi 6,5 mm Prohex', 15500, 22000, 10, 28),
('8990001028073', 'Mata bor besi 7 mm Prohex', 17500, 24000, 10, 28),
('8990001028074', 'Mata bor besi 7,5 mm Prohex', 20000, 25000, 9, 28),
('8990001028075', 'Mata bor besi 8 mm Prohex', 30500, 36000, 6, 28),
('8990001028076', 'Mata bor besi 9 mm Prohex', 30500, 36000, 8, 28),
('8990001028077', 'Mata bor besi 9,5 mm Prohex', 40000, 48000, 4, 28),
('8990001028078', 'Mata bor besi 10,5 mm Prohex', 45000, 55000, 3, 28),
('8990001028079', 'Mata bor besi 11 mm Prohex', 50000, 63000, 10, 28),
('8990001028080', 'Mata bor besi 11,5 mm Prohex', 55000, 68000, 5, 28),
('8990001028081', 'Mata bor besi 12 mm Prohex', 61000, 72000, 4, 28),
('8990001028082', 'Mata bor besi 1 mm Prohex', 3800, 6000, 10, 28),
('8990001028083', 'Mata bor besi 1,5 mm Prohex', 3800, 6000, 8, 28),
('8990001028084', 'Mata bor besi 2 mm Prohex', 3800, 7000, 10, 28),
('8990001028085', 'Mata bor besi 2,5 mm Prohex', 4000, 7000, 0, 28),
('8990001028086', 'Mata bor besi 3 mm Prohex', 6800, 9000, -2, 28),
('8990001028087', 'Mata bor besi 3,5 RYU/Nichlex/Prhex', 6650, 10000, 3, 28),
('8990001028088', 'Mata bor besi 4 mm Prohex', 7200, 12000, 2, 28),
('8990001028089', 'Mata bor besi 4,5 mm Prohex', 8300, 14000, 8, 28),
('8990001028090', 'Mata bor besi 5 mm Prohex', 10000, 15000, 7, 28),
('8990001028091', 'Mata bor besi 5,5 mm Prohex', 11500, 18000, 9, 28),
('8990001029059', 'Drum seng Aspal', 55000, 60000, 0, 29),
('8990001020061', 'Ring plat M14', 439, 1000, 110, 20),
('8990001017016', 'Tali nilon columbus 3 mm', 40000, 50000, 4, 17),
('8990001017017', 'Tali nilon columbus 3 mm @ mtr', 400, 1000, 0, 17),
('8990001010019', 'Lisplang GRC 20 cm x 244 cm', 30750, 36000, 0, 10),
('8990001005454', 'Martil segi gg Fiber 2 LB Lakoni Pr', 86800, 105000, 3, 5),
('8990001009052', 'Keramik 25x40 Kita Drabby L Gese/Ma', 63000, 64000, 0, 9),
('8990001009053', 'Keramik 25x25 Asia Tile Roma Grey', 57500, 60000, 12, 9),
('8990001008025', 'Besi 6 x 12 sni PJ Baru 1', 35500, 39000, 0, 8),
('8990001006315', 'Gembok Samping 15 mm HPP', 3424, 8000, 0, 6),
('8990001018041', 'Kassa Gypsum/kain kassa k/textile t', 3022, 8000, 33, 18),
('8990001018053', 'Lem pipa V-Tech kaleng 100 ml', 12500, 15000, 2, 18),
('8990001005407', 'Sikat kawat biasa 5 brs RRT', 3125, 8000, 3, 5),
('8990001011065', 'Seng Q net Dex span 4,1', 3100, 3200, 615, 11),
('8990001004126', 'Pipa Wavin 3/4 x 4 M', 24115, 35000, 0, 4),
('8990001005408', 'Glue Gun Kenmaster kecil', 17000, 30000, 2, 5),
('8990001020062', 'Dinabolt 12 x 75', 2000, 3000, 3, 20),
('8990001005409', 'Scrap seng gg kayu 1 RRT', 1667, 3000, 1, 5),
('8990001005410', 'Kikir Plat Sanflex 88 gg fiber', 30000, 42000, 0, 5),
('8990001004142', 'Pipa Triliun AW 2 x 5,8 m', 80800, 95000, 0, 4),
('8990001004169', 'Pipa Lucky aw 1 x 5,8 m', 58223, 68000, 10, 4),
('8990001018042', 'Lem Lilin kecil', 1157, 2000, 42, 18),
('8990001005411', 'Gagang Sekop pvc', 6000, 10000, 9, 5),
('8990001005552', 'Bosun F8 turbo', 96050, 110000, 8, 5),
('8990001016110', 'Shower Volk A-167CP', 57375, 70000, 1, 16),
('8990001016111', 'Bak Cuci Piring pendek Volk', 129093, 165000, 0, 16),
('8990001016112', 'Selang Flexibl 40 cm Dcota/Soligen', 27577, 45000, 11, 16),
('8990001006316', 'Gembok Jaket 60 mm Vaniro/Finn', 33000, 45000, 0, 6),
('8990001005441', 'Meteran Aldo 10 m', 75000, 90000, 0, 5),
('8990001015036', 'Kabel Tie 5 x 250 mm prohex hitam @', 25000, 35000, 0, 15),
('8990001005412', 'Baut Rofing 12x2 CAB @bh', 305, 500, 1135, 5),
('8990001005413', 'Baut Rofing 12x1 @bh mski', 243, 400, -40, 5),
('8990001002025', 'Kayu Ubar/cerocok 4 besar', 18000, 20000, 0, 2),
('8990001006326', 'Grendel Rush 4\"', 2888, 8000, 13, 6),
('8990001029060', 'Cat Batu Candi 1 ltr', 63585, 85000, 3, 29),
('8990001004128', 'Pipa Champion aw 2 1/2 @ cm', 194, 240, 150, 4),
('8990001006317', 'Gembok CAB 50 mm kng', 8500, 15000, 0, 6),
('8990001004129', 'Talang air petak biru @ cm', 90, 150, 0, 4),
('8990001009054', 'Keramik 25x40 Uno Emerald Blue', 61500, 68000, 4, 9),
('8990001011108', 'Seng Plat baru', 57500, 70000, 2, 11),
('8990001007146', 'Cat Minyak Propan special', 63900, 70000, 4, 7),
('8990001011040', 'Seng plat Aluminium glg 60 cm @cm', 324, 420, 975, 11),
('8990001009055', 'Keramik Asia Tile 25x25 Alpha Blue', 58690, 64000, 0, 9),
('8990001016134', 'Selang BCP Watertec', 22275, 35000, 0, 16),
('8990001005416', 'Gergaji kayu Shappire/X-Pert', 52571, 95000, 0, 5),
('8990001029061', 'Ban Komplit mati Mancini Super', 148000, 180000, 1, 29),
('8990001029062', 'Ban Komplit Mati Hermano', 86000, 120000, 1, 29),
('8990001029063', 'Timbangan duduk 60 kg GLX', 465000, 500000, 0, 29),
('8990001020063', 'Baut 10 x 100 Mur', 2332, 3500, 47, 20),
('8990001020064', 'Dinabolt 12 x 129', 3686, 5000, 37, 20),
('8990001016113', 'Kran ss taman Engkol Precio', 27000, 45000, 1, 16),
('8990001010020', 'Triplek 8 mm kw 2', 89000, 105000, 9, 10),
('8990001014041', 'Selang Benang 5/8 Dollar Biru', 39, 60, 50, 14),
('8990001006318', 'Gembok pth 30 mm Hona/HPP pdk', 11300, 16000, 7, 6),
('8990001006319', 'Gembok HPP 40 mm putih', 10000, 15000, 0, 6),
('8990001006320', 'Gembok HPP/AW 50 mm putih', 14917, 20000, 1, 6),
('8990001007138', 'Thinner GC Hijau', 16000, 20000, 0, 7),
('8990001007139', 'Thinner Super Fast ND merah', 16000, 20000, 0, 7),
('8990001005417', 'Gergaji Kayu 18\" Bonnuci/USH INDI', 27950, 45000, 9, 5),
('8990001011038', 'Seng Fiber Exel 0,6/habis', 42000, 55000, 0, 11),
('8990001011039', 'Seng Fiber Exel 0,9', 58513, 75000, 12, 11),
('8990001005418', 'Waterpass Magnet 18\" Weldome/Rush', 25500, 35000, 0, 5),
('8990001005419', 'Waterpass Magnet 24\" Rush', 29700, 45000, 0, 5),
('8990001005496', 'Deskrup 3/16 x 1 1/2', 410, 1000, 573, 5),
('8990001021220', 'Elbow 3/4x1/2 SCG', 3485, 5000, 136, 21),
('8990001010021', 'GRC Board 6 mm', 145000, 155000, 0, 10),
('8990001025080', 'Paku GRC Non Galvanis 2 kg @ 200 gr', 6250, 10000, 4, 25),
('8990001010022', 'Lesplang GRC 6 mm @ lbr', 25000, 27000, 0, 10),
('8990001019184', 'Bola Lampu Visalux 20 w', 26500, 34000, 2, 19),
('8990001019179', 'Bola Lampu Philips 11 w', 28785, 34000, 1, 19),
('8990001019180', 'Bola Lampu Philips 14 w', 31255, 36000, 3, 19),
('8990001019181', 'Bola Lampu Philips 18 w', 32348, 37000, 3, 19),
('8990001011042', 'Seng Jaya Dex coklat 3,4', 2500, 2600, 0, 11),
('8990001011043', 'Seng Jaya Dex coklat 2,4', 2500, 2600, 0, 11),
('8990001011047', 'Seng Jaya Dex coklat 6,5', 2500, 2600, 0, 11),
('8990001020102', 'Baut cacing 8x1 1/4 JF', 170, 500, 911, 20),
('8990001005420', 'Mesin Gerinda Modern M-2350B 4\"', 250000, 350000, 1, 5),
('8990001007151', 'Thinner Propan serbaguna', 24500, 29000, 0, 7),
('8990001005422', 'Baut Cacing 6x3/4', 74, 200, 4892, 5),
('8990001005423', 'Baut Cacing 8x3/4', 109, 500, 1669, 5),
('8990001005424', 'Baut Cacing 8x1', 136, 500, 2643, 5),
('8990001005425', 'Baut Cacing 8x2', 233, 500, 1467, 5),
('8990001005426', 'Pompa Lem kaca VPR/Masaki/Prohex/Ca', 21129, 32000, 5, 5),
('8990001007141', 'Cat Minyak Palazzo 3,5', 169260, 190000, 0, 7),
('8990001021191', 'Stopkran PVC 1/2\" Lafuma', 6500, 13000, 0, 21),
('8990001005534', 'Scrap gg plastik 1 1/2\" Prima', 7031, 12000, 21, 5),
('8990001011044', 'Rabung seng maron 180 cm', 18000, 23000, 0, 11),
('8990001009058', 'Keramik Valen Grey 20x25 Asia', 57000, 61000, 0, 9),
('8990001009059', 'Keramik 20X20 Galaxy/Roxy/Asia Alph', 55483, 58000, 0, 9),
('8990001019183', 'Teedos listrik putih', 1600, 2500, 0, 19),
('8990001016132', 'Kran ss 1/2 Yuta Bibcok Merah BCBM', 26345, 35000, 6, 16),
('8990001007145', 'Peluntur Cat Minyak Propan 1 l', 35714, 44000, 0, 7),
('8990001009072', 'Keramik 20x25 Arwana Biru', 51500, 55000, 0, 9),
('8990001007160', 'Cat tembok Ocean Lux 1 kg', 17767, 25000, -1, 7),
('8990001007142', 'Proseal PAS-100 0,3 L', 21600, 28000, 3, 7),
('8990001011046', 'Seng Jaya Dex coklat 2,5', 2500, 2600, 0, 11),
('8990001009060', 'Keramik Arwana 20x25 Green', 52730, 54000, 0, 9),
('8990001010025', 'Kalsi Board 6 mm/habis', 110000, 130000, 0, 10),
('8990001011089', 'Seng MK Dex coklat 4', 3800, 3900, 0, 11),
('8990001025081', 'Paku GRC Non Galvanis 2 kg @ ktk', 62500, 80000, 0, 25),
('8990001005427', 'Kaca Mata Las bening,hitam Itoru/To', 6667, 15000, 10, 5),
('8990001006322', 'Engsel 3\" Exito', 17500, 25000, 5, 6),
('8990001020069', 'Rofing Truss Gias 1,6 putih 5/8', 150, 250, 3250, 20),
('8990001021252', 'SDD 1/2 x 3/4 kn', 11585, 17000, 19, 21),
('8990001005428', 'Palu karet 300 gr Rush gg fiber', 16000, 25000, 6, 5),
('8990001005429', 'Palu karet Transparan 400 gr', 18000, 26000, 0, 5),
('8990001023089', 'Kuas tangan 1 1/2\" King 585', 3175, 7000, -1, 23),
('8990001023090', 'Kuas tangan 2\" King 585', 4488, 8000, 7, 23),
('8990001011048', 'Seng Jaya Dex coklat 6', 4000, 4100, 0, 11),
('8990001011049', 'Seng Jaya Dex coklat 3', 2500, 2600, 0, 11),
('8990001009061', 'Closet jongkok Super Oto', 90000, 120000, 0, 9),
('8990001006323', 'Grendel bulat Hijau 3\" YSK', 4583, 8000, 0, 6),
('8990001006324', 'Grendel bulat Hijau 4\" YSK', 5667, 10000, 2, 6),
('8990001006325', 'Grendel Gudang 6\" Nikel tebal', 17000, 25000, 0, 6),
('8990001016114', 'Kran pvc 1/2\" Jovan', 6250, 12000, 7, 16),
('8990001016115', 'Kran pvc 3/4\" Jovan', 6500, 12000, 3, 16),
('8990001005430', 'Sekop petak besi Benison/Zakumi', 53143, 70000, 1, 5),
('8990001005431', 'Scrap seng set Hermano', 12000, 20000, 4, 5),
('8990001015034', 'Klem selang ss 5/8 kuping', 1400, 3000, 0, 15),
('8990001015035', 'Klem selang ss 3/4 kuping', 1700, 4000, 0, 15),
('8990001013035', 'Pro-X 207 Powder 20 kg plus Liquid ', 277389, 320000, 1, 13),
('8990001007143', 'Thinner botol pvc Enamel', 6394, 8000, 0, 7),
('8990001007144', 'Cat Minyak 100 cc Eagle', 7905, 10000, 10, 7),
('8990001013017', 'Plamir Power 1 kg', 15345, 20000, 1, 13),
('8990001013018', 'Plamir Power 5 kg', 48932, 58000, 1, 13),
('8990001009062', 'Keramik Galaxy Grey 20x20 Asia', 51590, 54000, 0, 9),
('8990001011059', 'Seng MK Dex maron 3,1', 2400, 2600, 0, 11),
('8990001011050', 'Seng TB Dex coklat 4,1', 2600, 2700, 0, 11),
('8990001011051', 'Seng TB Dex coklat 3,4', 2600, 2700, 0, 11),
('8990001011052', 'Seng TB Dex coklat 2,4', 2600, 2700, 0, 11),
('8990001013019', 'Plamir DJ PRP 25 kg', 219376, 260000, 3, 13),
('8990001007147', 'Cat Minyak Propan biasa', 51750, 60000, 13, 7),
('8990001006327', 'Kunci Ring 8x9', 11000, 15000, 5, 6),
('8990001006328', 'Kunci Ring 10x11', 12500, 17000, 5, 6),
('8990001006329', 'Kunci Ring 12x13', 13500, 20000, 1, 6),
('8990001006330', 'Kunci Ring 14x15', 14500, 22000, 2, 6),
('8990001006331', 'Kunci Ring 16x17', 17500, 25000, 1, 6),
('8990001006332', 'Kunci Ring 18x19', 23000, 30000, 4, 6),
('8990001005432', 'Mata Sock Oxford/FRT', 2800, 8000, 10, 5),
('8990001009064', 'Keramik 40x40 Asia Tile/Accura puti', 47179, 48000, 44, 9),
('8990001018043', 'Lem putih pvc Impra Propan', 5550, 8000, 0, 18),
('8990001029064', 'Roda pagar 2\"', 18500, 30000, 0, 29),
('8990001006333', 'Grendel pvc minimalis Toso', 3333, 7000, 0, 6),
('8990001018044', 'Lem Lalat kertas', 1500, 3000, 0, 18),
('8990001016116', 'Saringan km besi Fiorentino minimal', 40000, 65000, 4, 16),
('8990001004148', 'Talang petak champion putih', 57000, 65000, 9, 4),
('8990001004167', 'Pipa SCG aw 3/4 @ cm', 66, 90, 0, 4),
('8990001005457', 'Gunting Beton American Tools 30\"', 235000, 280000, 0, 5),
('8990001010023', 'Gnet 6 mm Board/Nusa Board/Kalsi/Ek', 100532, 130000, 0, 10),
('8990001023096', 'Kuas rol Home', 22751, 30000, 0, 23),
('8990001011053', 'Seng MK Dex coklat 4,1', 3782, 4000, 1694, 11),
('8990001011054', 'Seng MK Dex coklat 3,4', 3729, 4000, 1054, 11),
('8990001011055', 'Seng MK Dex coklat 2,4', 3900, 4300, 442, 11),
('8990001009077', 'Closet duduk Amstad tanpa tangki', 635000, 700000, 2, 9),
('8990001007149', 'Impra Propan', 34502, 40000, 16, 7),
('8990001009065', 'Keramik 40x40 pth Asia/Mulia/spectr', 45855, 46500, 137, 9),
('8990001029065', 'Siku Rak 12x14 Rush Putih @ bh', 6667, 12000, 0, 29),
('8990001011056', 'Seng Sakura Elang Prima Maron 2x4', 38500, 40000, 0, 11),
('8990001011057', 'Rabung Sakura Maron Ratu', 14500, 18000, 1, 11),
('8990001005433', 'Waterpass Magnet 24\" Hermano', 70000, 90000, 1, 5),
('8990001023091', 'Kuas tangan putih 3\" Home care', 8297, 12000, 1, 23),
('8990001023092', 'Kuas tangan putih 2 1/2\" Home Care', 7395, 10000, 1, 23),
('8990001023093', 'Kuas tangan putih 2\" Home Care', 4904, 8000, 0, 23),
('8990001023094', 'Kuas tangan putih 1 1/2\" Home Care', 4091, 7000, 4, 23),
('8990001023095', 'Kuas tangan putih 1\" Home Care', 2795, 5000, 0, 23),
('8990001007148', 'Cat Tembok Bioton putih 25 kg', 194000, 210000, 0, 7),
('8990001018045', 'Double Tape hijau/Home Care', 6500, 13000, 11, 18),
('8990001009066', 'Keramik 30x30 Accura/Mulia/spec put', 41000, 44000, 7, 9),
('8990001014042', 'Selang Benang 3/4 Dollar Biru', 50, 75, 0, 14),
('8990001016117', 'Saringan k.mandi pvc Yuta', 9972, 20000, 11, 16),
('8990001006357', 'Gembok Rush 30 mm', 10238, 15000, 3, 6),
('8990001016118', 'Kran Angsa 1/2 Sink Tab TS Yuta', 47334, 75000, 0, 16),
('8990001016119', 'Kran ss 1/2 Yuta Bibcok Blue BCB', 12431, 22000, 0, 16),
('8990001007186', 'Alkali Jotaplast Primer @ pail', 401370, 450000, 0, 7),
('8990001021238', 'Stopkran pvc 3/4\" Ryu', 16000, 22000, 1, 21),
('8990001022023', 'Pompa air Shimizu 268 Jet', 1700000, 1800000, 1, 22),
('8990001025082', 'Paku Kalsi/GRC @ 250 gr', 5000, 12000, 56, 25),
('8990001009067', 'Angin Semen kawat 20x20', 10000, 15000, 15, 9),
('8990001004131', 'Pipa Triliun aw 3/4 x 5,8 m', 28570, 35000, 51, 4),
('8990001020065', 'Dinabolt 8 x 65', 1579, 2500, 246, 20),
('8990001020066', 'Baut 5x20 Mur Putih', 231, 500, 655, 20),
('8990001020067', 'Baut 5x10 Mur Putih', 183, 500, 1396, 20),
('8990001011058', 'Rabung Soka Coklat 1,8', 27795, 30000, 30, 11),
('8990001010026', 'Lesplang Kalsi 6 mm @ lbr', 18255, 25000, -7, 10),
('8990001010027', 'Lesplang Eka Board 6 mm @ lbr', 22667, 28000, 0, 10),
('8990001014043', 'Selang Elastis 1/2 Puso Orange', 31, 50, 0, 14),
('8990001014044', 'Selang Elastik 3/4 Puso Orange', 55, 80, 7000, 14),
('8990001021192', 'Fokring kuningan ss 1/2\" x 3/4\"', 9200, 15000, 0, 21),
('8990001016120', 'Kran pvc HPP warna 2 fungsi', 8000, 13000, 6, 16),
('8990001006334', 'Grendel bulat hitam 2\" Rush', 1950, 4000, 3, 6),
('8990001006335', 'Grendel 6\" Cab/Winsar', 9667, 18000, -11, 6),
('8990001006336', 'Grendel 8\"Winsar', 9708, 18000, 1, 6),
('8990001006337', 'Grendel 12\"Winsar', 15500, 24000, 0, 6),
('8990001024024', 'Kawat parabola Aluminium Super @ ro', 200000, 250000, 0, 24),
('8990001006359', 'Gembok 60 mm Kaijing/Rush kuning', 21348, 35000, 19, 6),
('8990001010035', 'Triplek 4 mm kw 1', 61648, 67000, 38, 10),
('8990001009068', 'Keramik 40x40 Solaris putih polos', 41500, 42500, 0, 9),
('8990001009070', 'Closet jongkok Triliun putih', 140000, 175000, 0, 9),
('8990001018046', 'Lem Seng Multiguna Alplast 5 mtr @ ', 37500, 48000, 2, 18),
('8990001009069', 'Keramik 30x30 Murano putih polos', 39000, 40000, 0, 9),
('8990001018052', 'Lem pipa Vinilon 60 gr', 7794, 10000, 1, 18),
('8990001005463', 'Amplas Niken @ lbr', 4475, 8000, 838, 5),
('8990001006338', 'Engsel 5\" Morechi', 29167, 40000, 0, 6),
('8990001006339', 'Engsel 3\" Morechi', 17917, 28000, 0, 6),
('8990001025083', 'Paku Kalsi @ ktk Massaro/SJT/AP-ELT', 15000, 30000, 20, 25),
('8990001005459', 'Raskam besi Benison/Kokon', 19803, 25000, 5, 5),
('8990001005435', 'Mesin Gerinda Makita N 9553 B 100 m', 530000, 610000, 0, 5),
('8990001013020', 'Plamir DJ PRP 1 kg', 15817, 20000, 10, 13),
('8990001020068', 'Skrup gypsum 6 x 1 @ ktk Gias', 44000, 80000, 0, 20),
('8990001007152', 'Cat Tembok Polo pail', 188790, 210000, 0, 7),
('8990001007153', 'Cat Tembok Polo gln', 45570, 55000, 1, 7),
('8990001009071', 'Keramik 20x20 Kita Denim', 51000, 54000, 4, 9),
('8990001011060', 'Seng Spandex Maron 1,8 m', 45900, 50000, 11, 11),
('8990001011061', 'Seng Spandex Biru 1,8 m', 48600, 55000, 20, 11),
('8990001011062', 'Seng Spandex coklat 2,4', 2836, 2900, 0, 11),
('8990001007154', 'Cat besi Primtop Propan', 48770, 55000, 9, 7),
('8990001019186', 'Klem kabel no.7 Master', 3600, 7000, 5, 19),
('8990001019187', 'Klem kabel 8 Visalux/Master', 4582, 8000, 3, 19),
('8990001019188', 'Fiting Plafon HSC segi', 3500, 8000, 16, 19),
('8990001011063', 'Seng MK Dex coklat Elite 2,5 @ 6 M', 252000, 268000, 0, 11),
('8990001020071', 'Ring Plat M8', 93, 500, 1054, 20),
('8990001021237', 'Stopkran pvc 1/2\" Ryu', 11500, 18000, 16, 21),
('8990001024025', 'Kawat petak putih 1/2 x 1/2 @ roll', 210000, 280000, 1, 24),
('8990001006340', 'Overval Stamvick hitam 3\"', 10000, 14000, 1, 6),
('8990001006341', 'Overval Stamvick Hitam 4\"', 10417, 16000, 1, 6),
('8990001006342', 'Kunci Pipa 10 Masaki', 38000, 50000, 0, 6),
('8990001006343', 'Kunci Pipa 12\" Koala', 43000, 60000, 0, 6),
('8990001020076', 'Skrup gypsum 6x1 SO/Dragon @ktk', 58500, 90000, 0, 20),
('8990001005535', 'B Rofing 45 @ktk 12x1 3/4 Undril/CA', 100000, 135000, 0, 5),
('8990001009073', 'Keramik 20x20 Kubus L Blue Kita', 51500, 55000, 0, 9),
('8990001004132', 'Pipa Vinilon aw 1\" x 5,8 m', 47800, 55000, 2, 4),
('8990001009074', 'Angin semen kawat 35x18 motif', 14600, 20000, 12, 9),
('8990001004133', 'Pipa Master aw 1\" x 5,5 m', 23095, 30000, 3, 4),
('8990001002028', 'Kayu 5 x 7 sinso', 32179, 38000, 0, 2),
('8990001006344', 'GTK Waron tebal hitam', 13500, 20000, 0, 6),
('8990001005464', 'Mesin Gerinda Modern Sim 100B', 225000, 270000, 0, 5),
('8990001014045', 'Selang Benang 5/8 Dollar @roll @100', 363800, 400000, 0, 14),
('8990001014046', 'Selang Benang 3/4 Dollar @roll @100', 461000, 490000, 0, 14),
('8990001014047', 'Selang Benang 1/2 Green H/Dolar @ro', 384000, 440000, 0, 14),
('8990001009084', 'Angin semen kawat bunga/habis', 14000, 18000, 0, 9),
('8990001004134', 'Pipa Master aw 1 @ cm', 41, 60, 350, 4),
('8990001004135', 'Pipa SLG Biru 1/2 @cm', 39, 80, 0, 4),
('8990001021194', 'Operan 2 x 1 1/2 Power D', 2607, 6000, 30, 21),
('8990001021195', 'Operan 1 1/2 x 1 Power AW', 4661, 8000, 2, 21),
('8990001006345', 'Kunci Bulat SJT', 25000, 40000, 0, 6),
('8990001019216', 'Kabel NYM 2x2,5 Tajimaco @ roll', 360000, 380000, 0, 19),
('8990001006346', 'Kunci Bulat Arcell', 55000, 75000, 0, 6),
('8990001006347', 'Kunci Ring Pass 18 Prohex', 21000, 30000, 11, 6),
('8990001021196', 'Operan 2 1/2 x 2 Slow', 3750, 8000, 127, 21),
('8990001011064', 'Seng coklat Q net Gias', 48500, 50000, 3, 11),
('8990001011067', 'Seng Q net Dex span 2,4', 3100, 3200, 0, 11),
('8990001006350', 'Engsel 3\" Dakar', 11667, 20000, 19, 6),
('8990001006349', 'Engsel 4\" star Classic nikel', 16238, 28000, 58, 6),
('8990001016126', 'Selang BCP single abu Alphard', 12500, 22000, 0, 16),
('8990001021197', 'SDL 1 1/4 SCG/VNL', 3890, 8000, 58, 21),
('8990001021198', 'SDL 1 1/2', 5550, 12000, 16, 21),
('8990001021199', 'Tusen Klep plus saringan 3/4\" Kranz', 45640, 70000, 0, 21),
('8990001021200', 'Tusen Klep plus saringan 1\" Kranz', 62790, 85000, 11, 21),
('8990001021201', 'Tusen Klep plus saringan 1 1/4 Kran', 101640, 130000, 12, 21),
('8990001021202', 'Tusen Klep plus sringan 1 1/2\" Kran', 177100, 200000, 7, 21),
('8990001021203', 'Tusen Klep plus saringan 2\" Kranz', 257740, 285000, 5, 21),
('8990001028092', 'Mata bor beton 6 mm Fujiyama', 6479, 12000, 8, 28),
('8990001028093', 'Mata bor beton 8 mm Prohex', 9000, 14000, 2, 28),
('8990001005436', 'Pemotong keramik 3 in 1 Massaki 600', 330000, 400000, 1, 5),
('8990001020070', 'Rofing Truss Gias 6 cm kuning 2 1/4', 400, 600, 1404, 20),
('8990001023097', 'Kuas tangan putih 1 1/2\" Crocodile', 8310, 10000, 13, 23),
('8990001023098', 'Kuas tangan putih 2\" Crocodile', 11043, 15000, 7, 23),
('8990001023099', 'Kuas tangan putih 2 1/2\" Crocodile', 13836, 18000, 1, 23),
('8990001023100', 'Kuas tangan putih 3\" Crocodile', 16374, 22000, 6, 23),
('8990001011069', 'Seng Prima/Todak Dex coklat 4,1', 3100, 3200, 0, 11),
('8990001011070', 'Seng Prima/Todak Dex coklat 3,4', 3100, 3200, 0, 11),
('8990001011071', 'Seng Prima/Todak Dex coklat 2,4', 3100, 3200, 0, 11),
('8990001007157', 'Cat Tembok Ceria Propan 20 kg', 236974, 260000, 0, 7),
('8990001004137', 'Pipa Triliun D 2 1/2 x 5,8 m', 66673, 90000, 7, 4),
('8990001004138', 'Pipa Triliun AW 3 x 5,8 m', 177579, 200000, 7, 4),
('8990001004139', 'Pipa Triliun D 3 x 5,8 m', 89883, 115000, 5, 4),
('8990001023101', 'Kuas tangan putih 1\" Crocodile', 5293, 8000, 13, 23),
('8990001006351', 'Engsel Ranjang besar @ set', 12000, 20000, 33, 6),
('8990001005437', 'Scrap seng set DN Japan', 3250, 10000, 2, 5),
('8990001006352', 'Hak angin ATM/Samurai bulat', 3750, 7500, 0, 6),
('8990001011072', 'Seng Prima/Todak Dex coklat 3', 3000, 3200, 0, 11),
('8990001011073', 'Seng Prima/Todak Dex coklat 2,3', 3000, 3200, 0, 11),
('8990001011076', 'Seng 6 x 11 super Lokfom/Angsa mas/', 61942, 67000, 42, 11),
('8990001009075', 'Keramik 20x25 Kita Fabrio D Nero', 63000, 65000, 0, 9),
('8990001014048', 'Selang Benang 1\" Dollar @roll @ 50 ', 325000, 400000, 0, 14),
('8990001012032', 'Pelampung Tangki Onda', 36225, 50000, 16, 12),
('8990001007158', 'Pelapis Anti Bocor Ultra Proof Prop', 38295, 50000, 16, 7),
('8990001005438', 'Ember cor hijau 89', 6000, 9000, 0, 5),
('8990001011074', 'Canal 75-65 Star', 86000, 90000, 20, 11),
('8990001011075', 'Reng Gnet 0,4-6', 33000, 40000, 0, 11),
('8990001005439', 'Cangkul Robin kw 1', 43000, 60000, 0, 5),
('8990001005440', 'Cangkul Buaya Lokal', 26000, 45000, 0, 5),
('8990001016121', 'Selang BCP Dupon', 30000, 45000, 0, 16),
('8990001005442', 'Mata Potong Granit 3208 Ander', 55000, 70000, 1, 5),
('8990001005443', 'Mata Potong Kayu 4\" Ander', 29000, 45000, 0, 5),
('8990001005506', 'Gunting Beton 24 Toho', 247940, 300000, 0, 5),
('8990001005445', 'Gergaji kayu Kokon 18\" gg pvc', 33333, 50000, 4, 5),
('8990001013022', 'Plamir Propan 25 kg', 207000, 225000, 0, 13),
('8990001005446', 'Bosun F2 kering', 41817, 55000, 0, 5),
('8990001005533', 'Sekop petak putih Malaysia', 65000, 85000, 1, 5),
('8990001005447', 'Gagang Gergaji besi Hamster/Wanly/Y', 14178, 22000, 8, 5),
('8990001005448', 'Batu Sponge Prohex no.600', 26000, 35000, 3, 5),
('8990001005449', 'Batu Asah Dayak Hijau 6\"', 14500, 22000, 4, 5),
('8990001005450', 'Batu Asah Dayak Hijau 8\"', 15385, 23000, 4, 5),
('8990001028094', 'Mata bor beton 5 mm Prohex', 6000, 10000, 0, 28),
('8990001019189', 'Kabel NYM 2x1,5 Shinco/Lotus/Tajima', 364000, 400000, 1, 19),
('8990001007161', 'Cat tembok Ocean Lux 4 kg @ gln', 48600, 55000, 0, 7),
('8990001007162', 'Cat Genteng Avitex/Avitex Roof', 164712, 185000, 0, 7),
('8990001005451', 'Mata Gergaji besi Oxford', 2830, 6000, 52, 5),
('8990001005452', 'Pompa Sepeda tabung Amper Hero/Mass', 44000, 55000, 0, 5),
('8990001020073', 'Skrup gypsum 6x1 1/4 BBS/VPR/SJT/Er', 34946, 55000, 19, 20),
('8990001005453', 'Sepatu bot Ardiles', 72000, 90000, 1, 5),
('8990001018047', 'Isolasi jilid hitam 2\"/Lakban hitam', 10000, 15000, 5, 18),
('8990001024026', 'Jaring/Waring hitam @ cm', 39, 60, 1850, 24),
('8990001014049', 'Selang Benang 1/2 Puso @ roll', 463600, 520000, 0, 14),
('8990001005455', 'Martil segi gg Fiber 3 LB Yozuri/Ma', 77000, 95000, 2, 5),
('8990001005456', 'Martil segi gg Fiber 4 LB Massaki/A', 78250, 95000, 0, 5),
('8990001004140', 'Pipa Triliun aw 3/4 @ cm', 48, 80, 100, 4),
('8990001004141', 'Pipa Champion aw 4 x 5,7 m', 194400, 230000, 0, 4),
('8990001005458', 'Gunting Beton 36\" Macaw/American To', 205000, 300000, 1, 5),
('8990001021205', 'Stopkran pvc gg besi 1 1/2 New Sanh', 72000, 100000, 1, 21),
('8990001021206', 'Stopkran pvc gg besi 2\" New Sanho', 102500, 130000, 0, 21),
('8990001028095', 'Kunci Bor 10 mm', 5000, 8000, 2, 28),
('8990001006353', 'Kunci L segi 6 set Long Hioshi', 37500, 50000, 5, 6),
('8990001026016', 'Terpal jadi Macan A3 2 x 2', 16400, 25000, 0, 26),
('8990001029070', 'Alat pengaman Gas 2 in 1', 25000, 35000, 0, 29),
('8990001020074', 'Gantungan Hock No.12 @ ktk', 46000, 55000, 0, 20),
('8990001020075', 'Fisher 8 putih @ isi 100', 8500, 15000, 10, 20),
('8990001005460', 'Cangkul Buaya Thai Sarinah', 52500, 65000, 5, 5),
('8990001006354', 'Silinder kunci Arcel/Soligen kn sn', 55000, 65000, 3, 6),
('8990001029066', 'Stonkote Clear Dof sc 85 Propan 0,9', 46368, 65000, 12, 29),
('8990001011078', 'Asbes 6 k', 30000, 34000, 0, 11),
('8990001009090', 'Keramik 20x40 Kapuas Brown kw 1', 72477, 80000, 12, 9),
('8990001006355', 'GTK Milan/Nishio 2\" hijau', 6682, 12000, 17, 6),
('8990001029067', 'Timbangan Plastik 3 kg Kenmaster', 45000, 55000, 0, 29),
('8990001006356', 'Silinder kunci Vaniro/VPR kecil', 22917, 35000, 1, 6),
('8990001022026', 'Pompa Air National Westpa GP 125', 315007, 350000, 0, 22),
('8990001009078', 'Angin semen kawat 30x8', 10000, 14000, 0, 9),
('8990001007181', 'Diton Premium 400 cc', 32429, 38000, 66, 7),
('8990001019208', 'Bola Lampu Visicom 3 w LED', 13000, 20000, 10, 19),
('8990001019190', 'Kabel Trans Blazer NYM-HY 2x0,75', 116000, 165000, 0, 19),
('8990001019191', 'Lampu Hannoch 11 w', 20000, 26000, 1, 19),
('8990001019192', 'Lampu Hannoch 14 w', 21000, 27000, 0, 19),
('8990001019193', 'Lampu Hannoch 18 w', 26000, 32000, 0, 19),
('8990001024027', 'Kawat Petak Hijau 1/4 x 1/4 @ roll', 125000, 145000, 0, 24),
('8990001021209', 'Tusen Klep plus saringan 1\" Onda', 69745, 95000, 8, 21),
('8990001021210', 'Tusen Klep plus saringan 3/4\" Onda', 69210, 65000, 13, 21),
('8990001025084', 'Paku Tekan Becak 5/8 ktk besar', 24000, 50000, 1, 25),
('8990001029068', 'Spidol Permanent besar', 5583, 10000, 6, 29),
('8990001029069', 'Spidol Permanent kecil Twinpen', 2394, 4000, 2, 29),
('8990001005491', 'Bosun F1 kering biasa kuning', 20059, 30000, 5, 5),
('8990001006358', 'Kunci pintu Rush sedang', 74000, 95000, 0, 6),
('8990001006372', 'Kunci pintu Belgren/Benelock', 105000, 125000, 6, 6),
('8990001002026', 'Kayu les siku dalam jumbo', 17000, 22000, 1, 2),
('8990001005461', 'Meteran 5 m Dcota', 27878, 40000, 15, 5),
('8990001019194', 'Kabel NYA 1,5 I-Best 50 m @ roll', 135500, 200000, 2, 19),
('8990001004143', 'Pipa Power Max aw 3/4 x 5,8 m', 36498, 42000, 0, 4),
('8990001005515', 'Baut Cacing 8x3 JF', 398, 1000, 372, 5),
('8990001016122', 'Kran Angsa Fleksibel KW izumi/SLG Y', 59098, 65000, 1, 16),
('8990001005462', 'Baut Rofing 5,5 x 3/4 Oxford @ 500 ', 105000, 125000, 0, 5),
('8990001021223', 'Elbow 3 SCG', 10710, 15000, 5, 21),
('8990001009079', 'Keramik 40x40 Kita Candi L Beige', 58500, 62000, 0, 9),
('8990001009080', 'Keramik 40x40 Kita Oscar M Beige', 58000, 59000, 0, 9),
('8990001005488', 'Mata gerinda pinggul granite tjap m', 52000, 68000, 0, 5),
('8990001016123', 'Kran shower Truflo/Watert pvc L501B', 15750, 25000, 12, 16),
('8990001019195', 'Lampu Hannoch LED 5 w primer', 19000, 24000, 3, 19),
('8990001019196', 'Lampu Hannoch LED 9 w primer', 23000, 28000, 1, 19),
('8990001019197', 'Lampu Hannoch LED 12 w primer', 30500, 36000, 3, 19),
('8990001016124', 'Kran shower Watertec pvc PO 501 B', 18750, 30000, 10, 16),
('8990001016125', 'Kran shower Watertec pvc P 501 B', 23250, 35000, 8, 16),
('8990001021211', 'Tee 3x2 Pralon', 12803, 18000, 0, 21),
('8990001025085', 'Paku seng Ninomi Malaysia@bks', 45000, 55000, 2, 25),
('8990001013023', 'Sikalastic 590 Deckseal Grey/white ', 225000, 250000, 2, 13),
('8990001011079', 'Seng Q net Dex span 3,8', 3100, 3200, 0, 11),
('8990001026015', 'Terpal A8 3x4 Diamond/Macan', 132000, 168000, 1, 26),
('8990001005465', 'Baut Rofing SDS Massaki 10x5/8', 135000, 170000, 0, 5),
('8990001019203', 'Kabel NYA 1,5 Tajimaco @ cm', 19, 30, 2200, 19),
('8990001005473', 'Baut Cacing 10x2', 328, 1000, 445, 5),
('8990001008030', 'Besi 10 x 12 JUS/SBY/SK BJKU', 52531, 58000, 0, 8),
('8990001005513', 'Ember cor Orange k', 8500, 12000, 12, 5),
('8990001009081', 'Angin Semen Kawat 15x40 bsr', 14001, 20000, 45, 9),
('8990001014051', 'Selang Benang 5/8 Falcon@roll', 356250, 320000, 2, 14),
('8990001009082', 'Granit 60x60 Ceranosa', 115000, 125000, 0, 9),
('8990001009083', 'Granit 60x60 Uno Sentani', 184999, 200000, 0, 9),
('8990001018048', 'Lem Intilon tube 40 gr', 4167, 7000, 0, 18),
('8990001005466', 'Baut Rofing 12x1 1/2 Rush kuning@50', 76000, 90000, 0, 5),
('8990001007163', 'Alkali Resisting primer Avitex @pai', 553982, 550000, 0, 7),
('8990001005467', 'Baut Rofing 5,5 x 1 3/4 Gnet putih', 330, 450, 3369, 5),
('8990001021212', 'Dop 1 1/2\" polos', 2250, 5000, 30, 21),
('8990001011081', 'Seng MK Elit Maroon 3,5', 3200, 3300, 420, 11),
('8990001005468', 'Mesin Katam/Planer Maktec 82 mm MT ', 686667, 750000, 2, 5),
('8990001005469', 'Baut Rofing 5,5 x 3/4 Oxford @ bh', 210, 300, 0, 5),
('8990001029071', 'Katrol air SAR 3\"', 26000, 35000, 1, 29),
('8990001004161', 'Pipa Champion aw 4 x 4 m', 144010, 155000, 0, 4),
('8990001010029', 'Lisplang GRC 20 cm x 244 cm simple', 27500, 35000, 0, 10),
('8990001005471', 'Mesin Bor Ander 28 mm Rotary Hammer', 875000, 950000, 1, 5),
('8990001005472', 'Pahat Bor Ander 14x250', 32000, 45000, 0, 5),
('8990001005474', 'Baut Cacing 10x1', 185, 500, 900, 5),
('8990001013026', 'Plamir Kayu Propan 1 kg', 33300, 45000, 0, 13),
('8990001011082', 'Seng MK Dex coklat 4,9', 2900, 3200, 0, 11),
('8990001011083', 'Seng MK Dex coklat 3,2', 2900, 3200, 0, 11),
('8990001005478', 'Baut Cacing 12 x 2 1/2', 450, 1200, 459, 5),
('8990001005475', 'Scrap gg plastik 3\" Prima', 8589, 14000, 13, 5),
('8990001005476', 'Scrap gg plastik 2 1/2\" Prima', 7732, 13000, 20, 5),
('8990001005477', 'Scrap gg plastik 2\" Prima', 7351, 12000, 20, 5),
('8990001020080', 'Hock no.6', 190, 1000, 83, 20),
('8990001007164', 'Cat Minyak Decolux 1 kg', 45900, 55000, 1, 7),
('8990001007165', 'Cat Tembok Decoplus 5 kg', 76500, 88000, 0, 7),
('8990001014050', 'Selang Benang 1\" Dollar @ mtr', 72, 100, 3320, 14),
('8990001005480', 'Scrap pvc 7\" Prima', 2790, 7000, 70, 5),
('8990001025086', 'Paku Ripet 450', 66, 100, 300, 25),
('8990001011088', 'Canal GNET 0,65-6,0', 67000, 74000, 0, 11),
('8990001012035', 'Tangki air Tedmond 550 l', 788000, 850000, 0, 12),
('8990001010030', 'Indoboard 9x1200x2400', 48366, 58000, 2, 10),
('8990001010031', 'Wall Angle kecil', 7444, 8000, 176, 10),
('8990001010032', 'Besi Furing 3,6', 11290, 13000, 146, 10),
('8990001018049', 'Kain Kassa gypsum b/textile tape/ha', 6846, 10000, 0, 18),
('8990001021214', 'SDD 1 1/2 Vinilon', 5695, 10000, 29, 21),
('8990001014052', 'Selang Benang 3/4 Falcon@roll', 457425, 480000, 1, 14),
('8990001018050', 'Lem putih VIP 1 kg', 12488, 18000, 0, 18),
('8990001013025', 'Kalsikompon @ gram', 60, 90, 0, 13),
('8990001011084', 'Seng MK Dex coklat 1,5', 3800, 3900, 0, 11),
('8990001011085', 'Seng MK Dex coklat 4,6', 2900, 3200, 0, 11),
('8990001011086', 'Seng MK Dex coklat 3,9', 2900, 3200, 0, 11),
('8990001011087', 'Seng MK Dex coklat 2,9', 2900, 3200, 0, 11),
('8990001010033', 'Gypsum A Plus 9 mm', 47000, 50000, -3, 10),
('8990001016127', 'Kran Angsa pvc 1/2\" Truflo', 49125, 70000, 0, 16),
('8990001006360', 'Engsel gudang 12 @buah SJT putih', 17000, 24000, 0, 6),
('8990001006361', 'Engsel gudang 10@ buah Euro kuning ', 16500, 22000, 4, 6),
('8990001028096', 'Mata bor kipas Helena 16 mm 5/8', 9200, 15000, 2, 28),
('8990001006362', 'Gembok Hona 40 mm pdk', 15600, 22000, 1, 6),
('8990001021215', 'Nepple ss 1/2x1/2', 5000, 10000, 3, 21),
('8990001021216', 'Nepple ss 1/2x3/4', 7500, 12000, 9, 21),
('8990001006363', 'Engsel 3\" star Classic', 11500, 18000, 94, 6),
('8990001029085', 'Tawas batu @ bks', 6000, 10000, 39, 29),
('8990001027020', 'Pintu KM Plat seng wingking', 230000, 300000, 0, 27),
('8990001004144', 'Pipa Triliun aw 2\" @ cm', 140, 200, 0, 4),
('8990001005481', 'Baut Rofing 4,8 x 16 /4,8x3/4 Lion/', 165, 250, 7239, 5),
('8990001004145', 'Pipa Tulip aw 4 @ cm', 318, 375, 0, 4),
('8990001011090', 'Seng MK Dex coklat 3,7', 2900, 3200, 0, 11),
('8990001005482', 'Mesin Bor Maktec 10 mm MT 60', 350000, 410000, 2, 5),
('8990001011104', 'Rabung Sultan Maroon Elite MK', 24000, 28000, 1, 11),
('8990001021217', 'Klep pvc 3/4 Kazu', 3250, 8000, 1, 21),
('8990001006364', 'Kunci Tanggung Kodai Medio', 70716, 85000, 13, 6),
('8990001021218', 'Clean Out 3\"', 11000, 16000, 6, 21),
('8990001021219', 'Clean Out 4\"', 15000, 20000, 1, 21),
('8990001007166', 'Cat sempot Diton Chrome', 32615, 38000, 9, 7),
('8990001009085', 'Angin semen kawat 17x30', 10000, 15000, 90, 9),
('8990001011091', 'Seng MK Dex coklat 3', 3800, 3850, 0, 11),
('8990001005483', 'Benang tukang gulung sedang', 3991, 8000, 37, 5),
('8990001006365', 'Gembok 25 mm Holy/HPP', 6986, 13000, 11, 6),
('8990001023110', 'Kuas tangan 2 Namecard/cantik pth', 4167, 8000, 7, 23),
('8990001011092', 'Seng MK Dex coklat 2,65', 3800, 3900, 0, 11),
('8990001011093', 'Seng MK Dex coklat 2,7', 2900, 3200, 0, 11),
('8990001011094', 'Seng MK Dex coklat 4,8', 2900, 3200, 0, 11),
('8990001011095', 'Seng MK Dex 0,30 coklat 6 m', 3800, 4200, 0, 11),
('8990001019198', 'Kabel Trans GNG 2x1,5', 135000, 170000, 1, 19),
('8990001023111', 'Kuas tangan 5\" Prima', 27054, 35000, 4, 23),
('8990001019199', 'Kabel HYM putih 2x0,75 Pesona/Gold/', 157000, 190000, 0, 19),
('8990001019200', 'Kabel HYM putih 2x1,5 Pesona/Pens', 360000, 410000, 0, 19),
('8990001022025', 'Tutup pancing Sanyo/Shimizu B/K', 1500, 4000, 19, 22),
('8990001019209', 'Bola Lampu Visicom 5 w LED', 16000, 23000, 6, 19),
('8990001005484', 'Obeng BB 6x75 Rush 3910 besar ', 8146, 15000, 0, 5),
('8990001020077', 'Baut 6 x 90 BMK', 1381, 2500, 155, 20),
('8990001020078', 'Baut 8x100 Mur', 1924, 3000, 87, 20),
('8990001020079', 'Skrup gypsum 6x3/4 YSK @ktk', 32621, 55000, 29, 20),
('8990001012033', 'Tangki air Lucky 500 l', 675000, 750000, 0, 12),
('8990001005485', 'Meteran 7,5 m Viper', 18375, 28000, 3, 5),
('8990001006366', 'Kunci Buka Gerinda', 6000, 10000, 8, 6),
('8990001029072', 'Propan Cat Batu Candi SC-70 SB Blac', 73800, 85000, 7, 29),
('8990001015037', 'Kabel Tie 3,6x20 cm kenmaster htm/p', 9000, 20000, 3, 15),
('8990001016128', 'Kran pvc 3/4 Transparan HPP', 4435, 8000, 1, 16),
('8990001007167', 'Cat Tembok Permata 4 kg', 49677, 60000, 1, 7),
('8990001007168', 'Cat Tembok Permata 20 kg @ pail', 174250, 200000, 3, 7),
('8990001013024', 'Kalsijoint kompon @ zak 5 kg', 50479, 60000, 0, 13),
('8990001016129', 'Shower mandi Dcota SWD 01', 111716, 150000, 2, 16),
('8990001025087', 'Paku tekan becak 5/8 @ bh', 25, 100, 0, 25),
('8990001005486', 'Waterpass Besi 18\" Anhcor non magne', 55000, 75000, 2, 5),
('8990001005487', 'Waterpass mini 9\" Kenmaster', 13000, 25000, 0, 5),
('8990001029073', 'Ban Komplit mati Rush orange', 55000, 85000, 0, 29),
('8990001020081', 'Skrup gypsum 6 x 2 SJT @ ktk', 48000, 65000, 12, 20),
('8990001016130', 'Kran pvc 1/2 Yuta Bibcock BAM ABS', 13069, 20000, 18, 16),
('8990001016131', 'Kran pvc 3/4 VPR', 4666, 8000, 13, 16),
('8990001006367', 'Kunci L 4 mm', 4000, 8000, 5, 6),
('8990001006368', 'Kunci L 5 mm', 5000, 10000, 6, 6),
('8990001006369', 'Kunci L 6 mm', 6000, 12000, 5, 6),
('8990001019202', 'Kabel Trans 2x0,75 @ cm Blazer', 26, 40, 3300, 19),
('8990001021221', 'SDD 1/2 Power/SCG/Intilon', 1181, 3000, 147, 21),
('8990001016133', 'Kran ss 3/4 Yuta Bibcok Merah BCBM', 31736, 42000, 10, 16),
('8990001007170', 'Cat semprot Samurai', 27307, 35000, 20, 7),
('8990001005489', 'Pahat Beton 10\" Stamvick', 24583, 32000, 2, 5),
('8990001005490', 'Sikat kawat gigi mini Japan/Sky', 4000, 7000, 0, 5),
('8990001007169', 'Cat Minyak Simpati 100 cc', 8200, 12000, 164, 7),
('8990001019204', 'Kabel Trans GNG 2x1,5 @ cm', 36, 45, 1800, 19),
('8990001006370', 'Kunci Pass 10x11 Prohex', 9500, 15000, 8, 6),
('8990001006371', 'Gembok Jeje 40 mm', 8333, 14000, 0, 6),
('8990001028097', 'Mata bor besi 5 mm Asahi', 15700, 22000, 10, 28),
('8990001019205', 'Stop Kontak OB TRM 4 in 1-saklar', 21000, 30000, 3, 19),
('8990001005493', 'Mata Obeng Gypsum Tekiro', 7477, 12000, 28, 5),
('8990001007171', 'Pelapis Anti Bocor 1 kg Duvac', 43200, 53000, 0, 7),
('8990001013027', 'Plamir Simpati 4 kg', 45788, 55000, 0, 13),
('8990001019207', 'Bola Lampu Katia 20 w LED', 14200, 22000, 10, 19),
('8990001007192', 'Cat tembok Maritek 1 kg Khusus', 23456, 30000, 7, 7),
('8990001028098', 'Mata bor beton 4 mm Irwin', 14000, 22000, 5, 28),
('8990001028099', 'Mata bor beton 8 mm Irwin', 25000, 35000, 3, 28),
('8990001029074', 'Roda MM 4\" hitam', 18000, 25000, 4, 29),
('8990001029075', 'Roda HH 4\" Galantino Gepeng', 21250, 35000, 1, 29),
('8990001010036', 'Triplek 18 mm', 238000, 255000, 20, 10),
('8990001029076', 'Spiritus botol penuh', 11667, 18000, 24, 29),
('8990001023102', 'Kuas tangan 2 1/2\" Eagle hitam', 6250, 10000, 42, 23),
('8990001023103', 'Kuas tangan 3\" Eagle hitam', 8333, 12000, 30, 23),
('8990001028100', 'Mata bor besi 10 Asahi', 62800, 80000, 9, 28),
('8990001016135', 'Selang Flexibl Soligen 30 cm', 20000, 30000, 0, 16),
('8990001012034', 'Tangki air Bambu Sumatera 1000 ltr', 637000, 725000, 0, 12),
('8990001005494', 'Mesin Modern Circular Saw 7\" M-2600', 500000, 550000, 0, 5),
('8990001013029', 'Plamir Aries Gold 5 kg', 47345, 55000, 2, 13),
('8990001020096', 'Baut 6 x 15 BMK', 417, 1000, 451, 20),
('8990001005495', 'Martil segi 10 LBS SBS tanpa gagang', 70000, 95000, 0, 5),
('8990001019211', 'Stop kontak 3 lbg Kawashuki/HSC', 10200, 16000, 10, 19),
('8990001007172', 'Cat Semprot Zebra Pro', 21649, 27000, 34, 7),
('8990001005497', 'Tambilang/dodos gg besi', 100000, 140000, 0, 5),
('8990001005498', 'Serokan besi tangkai panjang', 25000, 38000, 0, 5),
('8990001006404', 'Gembok samping 20 mm Wild Leon', 5833, 10000, -2, 6),
('8990001021222', 'ELBOW 2 1/2 SCG 45 derjat', 6545, 12000, 10, 21),
('8990001029077', 'Siku Rak 19x27 putih soligen', 9600, 13000, 8, 29),
('8990001020082', 'Baut 8x120 BMK', 2562, 3500, 86, 20),
('8990001020083', 'Baut 8x150 BMK', 3264, 4300, 96, 20),
('8990001020084', 'Baut 10x120 BMK', 4037, 5000, 72, 20),
('8990001020085', 'Baut 10x150 BMK', 5043, 6000, 58, 20),
('8990001007173', 'Cat semprot Diton Tembaga', 26624, 32000, 11, 7),
('8990001013030', 'Q Mortar Waterproofing', 45000, 58000, 2, 13),
('8990001005499', 'Mesin Modern Murble Cutter M2400/po', 405000, 450000, 0, 5),
('8990001015039', 'Kabel Tie 4 warna @ bks', 12000, 20000, 4, 15),
('8990001019210', 'Kabel HYM putih 2x0,75 Gold@mtr', 34, 60, 700, 19),
('8990001021224', 'Operan 2 1/2 x 2 SCG', 4845, 9000, 25, 21),
('8990001021225', 'Operan 3 x 2 1/2 SCG', 6460, 12000, 15, 21),
('8990001020086', 'Dinabolt 10x50', 1568, 3500, 188, 20),
('8990001029078', 'Siku Rak 22x32 putih soligen', 12250, 18000, 16, 29),
('8990001005500', 'Sikat kawat baja Rush 5\" hitam', 5000, 12000, 1, 5),
('8990001004147', 'Pipa Triliun aw 1\" x 5,8 m', 47351, 58000, 19, 4),
('8990001005501', 'Amplas Home Care', 64, 120, 5220, 5),
('8990001005502', 'Kikir Bulat Oxford', 4440, 10000, 27, 5),
('8990001028101', 'Mata bor beton Colok Benz 6\"', 10000, 15000, 1, 28),
('8990001028102', 'Mata bor beton Colok Benz 8\"', 12000, 18000, 0, 28),
('8990001028103', 'Mata bor beton Colok Benz 10\"', 14000, 20000, 1, 28),
('8990001004149', 'Talang petak putih Intilon', 72000, 85000, 1, 4),
('8990001010037', 'Lisplang Shera 8x200x3 m/habis', 37150, 50000, 0, 10),
('8990001005503', 'Baut Cacing 10x2 1/2', 431, 1000, 318, 5),
('8990001005504', 'Baut Cacing 12x11/2', 363, 800, 925, 5),
('8990001022024', 'Kapasitor bulat Shimizu', 35000, 48000, 34, 22),
('8990001023104', 'Kuas rol AC kecil tangkai pendek', 12399, 18000, 27, 23),
('8990001006374', 'Kunci Sock T24pc Jialong', 20000, 30000, 2, 6),
('8990001011096', 'Seng plat gulung 44/45 cm', 133, 220, 0, 11),
('8990001023105', 'Kuas tangan 1\" Namecard/cantik puti', 2083, 5000, 1, 23),
('8990001023106', 'Kuas tangan 1 1/2\" Namecard/cantik ', 3125, 7000, 3, 23),
('8990001023107', 'Kuas tangan 2 1/2 Namecard/cantik p', 5208, 10000, 1, 23),
('8990001023108', 'Kuas tangan 3 Namecard/cantik pth', 6250, 12000, 0, 23),
('8990001023109', 'Kuas tangan 4 Namecard/cantik pth', 12917, 20000, 1, 23),
('8990001021227', 'Watermore 3/4 Ono', 9500, 18000, 0, 21),
('8990001016136', 'Kran pvc CAB drat kn 1/2\"', 10200, 18000, 19, 16),
('8990001016137', 'Kran pvc CAB drat kn 3/4', 10800, 20000, 13, 16),
('8990001006375', 'Gembok nkl Haston 40 mm pdk/prohex', 34000, 45000, 6, 6),
('8990001006376', 'Gembok nkl Haston 40 mm pjg/prohex', 35000, 48000, 2, 6),
('8990001006377', 'Gembok nkl Haston 50 mm pdk/prohex', 41000, 50000, 2, 6),
('8990001006378', 'Gembok nkl Haston 50 mm pjg/prohex', 43500, 55000, 3, 6),
('8990001005505', 'Mesin Bor Listrik Kenmaster 10 mm', 160000, 200000, 0, 5),
('8990001005507', 'Gunting Beton 30 Toho', 318010, 360000, 1, 5),
('8990001005508', 'Meteran Toho 3 m', 19250, 30000, 7, 5),
('8990001005509', 'Meteran Toho 5 m', 30800, 45000, 0, 5),
('8990001005510', 'Meteran Toho 7,5 m', 53900, 70000, 1, 5),
('8990001007175', 'Cat Duco Fastco Silver 0,25', 22000, 35000, 4, 7),
('8990001005512', 'Deskrup 3/16x2', 491, 1000, 450, 5),
('8990001020088', 'Baut 5x40 BMK M', 450, 1000, 538, 20),
('8990001020089', 'Baut cacing 12x3 JF', 644, 1200, 272, 20),
('8990001020090', 'Baut cacing 12x1 JF', 257, 500, 988, 20),
('8990001020091', 'Baut cacing 10x3/4', 174, 500, 1699, 20),
('8990001006379', 'Silinder kunci Shappire besar', 35000, 45000, 1, 6),
('8990001006380', 'Gembok Ruko Tabung', 200000, 250000, 2, 6),
('8990001020092', 'Baut Putih 6 x 10 JP', 299, 500, 990, 20),
('8990001015038', 'Kabel Tie 3,6 x 25 cm kenmaster put', 12000, 22000, 0, 15),
('8990001029079', 'Roda HH 5\" Galantino Gepeng', 25625, 38000, 0, 29),
('8990001029080', 'Roda HH 6\" Galantino Gepeng', 60000, 85000, 3, 29),
('8990001011097', 'Rabung Bulat coklat/hitam/maron', 17042, 20000, 200, 11),
('8990001011098', 'Seng Multi Roof/Prima coklat/habis', 35639, 37000, 0, 11),
('8990001011099', 'Seng Plat Aluminium 0,5', 112500, 135000, 0, 11),
('8990001029081', 'Rabin 0,25 compound', 27900, 35000, 1, 29),
('8990001007174', 'Sikadur 20 Crack Seal 160 ml', 61600, 75000, 2, 7),
('8990001021233', 'Klep kuningan 1\" HSJ', 27500, 40000, 10, 21),
('8990001006381', 'Gembok Rush 50 mm kuning', 13333, 22000, -1, 6),
('8990001020093', 'Baut Putih 6 x 20 JP', 381, 700, 786, 20),
('8990001020094', 'Baut Putih 6 x 40 JP', 551, 1000, 180, 20),
('8990001020095', 'Baut Putih 8 x 25 JP', 940, 1500, 298, 20),
('8990001016150', 'Wastafel Petak putih Duty', 233000, 300000, 0, 16),
('8990001004151', 'Pipa Triliun aw 1/2\" x 5,8 m', 19491, 25000, 50, 4),
('8990001020097', 'Baut 6 x 30 BMK', 541, 1000, 328, 20),
('8990001020098', 'Baut 8 x 30 BMK', 969, 2000, 192, 20),
('8990001023114', 'Isi ulang kuas rol AC besar', 12326, 16000, 6, 23),
('8990001006398', 'Kunci pintu Belgren sedang', 90000, 120000, 1, 6),
('8990001029082', 'Roda HH 3\" nylon/putih Xander', 13750, 22000, 5, 29),
('8990001029083', 'Roda HH 2\" Merah Xander/Zuco press', 28000, 40000, 1, 29),
('8990001029084', 'Roda HH 2\" Putih Xander/Baihui pres', 20000, 35000, 3, 29),
('8990001006382', 'Kunci rantai sepeda Wirelock', 25000, 35000, 5, 6),
('8990001028104', 'Mata bor Kipas Helena 19 mm 3/4', 10700, 18000, 2, 28),
('8990001005517', 'Deskrup 5/16 x 2 1/2', 1287, 2000, 173, 5),
('8990001005518', 'Deskrup 5/16 x 3', 1463, 2200, 137, 5),
('8990001011100', 'Seng G Net Wave hitam 0,25 x 6,2 m', 26000, 31000, 0, 11),
('8990001019213', 'Lampu Brio LED 9 W', 18800, 25000, 0, 19),
('8990001021229', 'Drat Tangki 1 x 3/4/mur tangki', 5000, 10000, 11, 21),
('8990001014053', 'Selang Dop Flexso 1/2\" @ cm', 51, 70, 0, 490),
('8990001014054', 'Selang Dop Flexso 5/8\"@cm /bagus', 68, 80, 1700, 14),
('8990001006383', 'Gembok putih 40 mm Toho pdk', 40920, 50000, 4, 6),
('8990001006384', 'Gembok putih 50 mm Toho pdk', 47520, 60000, 2, 6),
('8990001006385', 'Gembok putih 60 mm Toho pdk', 54780, 65000, 5, 6),
('8990001006386', 'Gembok putih 40 mm Toho panjang', 44220, 55000, 2, 6),
('8990001006387', 'Gembok putih 50 mm Toho panjang', 51480, 65000, 5, 6),
('8990001006388', 'Gembok putih 60 mm Toho panjang', 58740, 70000, 6, 6),
('8990001006389', 'Gembok kuning 30 mm Toho pdk', 38940, 48000, 6, 6),
('8990001006390', 'Gembok kuning 40 mm Toho pdk', 52140, 65000, 2, 6),
('8990001006391', 'Gembok kuning 50 mm Toho pdk', 77880, 90000, 0, 6),
('8990001006392', 'Gembok kuning 40 mm Toho panjang', 57420, 70000, 3, 6),
('8990001006393', 'Gembok kuning 50 mm Toho panjang', 81180, 95000, 4, 6),
('8990001021254', 'Stopkran pvc 1 1/4\" Ryu', 29250, 45000, 4, 21),
('8990001016138', 'Bak Cuci Piring Gnet Classic wls', 113333, 150000, 0, 16),
('8990001021230', 'Elbow drat Luar 3/4 SCG', 3634, 5000, 129, 21),
('8990001019214', 'Stop Kontak 4 lbg Kawashuki', 12400, 20000, 1, 19),
('8990001004152', 'Pipa Triliun aw 1\" @ cm', 66, 100, 40, 4),
('8990001005519', 'Mesin pot.Maktec Marble MT 410', 750000, 780000, 0, 5),
('8990001006394', 'Gembok 50 mm Nishio/Exito', 10875, 17000, 6, 6),
('8990001005520', 'Arang karbon Makita Asli 303A/51A', 23500, 30000, 16, 5),
('8990001013031', 'Plamir Aries Gold 25 kg', 220983, 250000, 2, 13),
('8990001020099', 'Baut hitam 3/8 x 12', 7605, 10000, 25, 20),
('8990001016139', 'Kran Cabang Kranz 1/2 KM 01 /baru', 98875, 120000, 4, 16),
('8990001016140', 'Kran Cabang Kranz 1/2 KM 01 A', 112000, 130000, 4, 16),
('8990001016141', 'Kran Angsa Fleksibel 1/2 KD 07', 133000, 150000, 0, 16),
('8990001016142', 'Kran Cabang Kranz 1/2 KM 01 N', 112350, 135000, 2, 16),
('8990001015040', 'Kabel Tie 3,6 x 25 cm Kenmst pth @ ', 240, 500, 30, 15),
('8990001011101', 'Seng 7x11 AT', 47500, 51000, 10, 11),
('8990001007176', 'Cat tembok Lippo 25 kg Khusus', 392781, 450000, 0, 7),
('8990001007177', 'Cat tembok Lippo 25 kg Exlusive', 437918, 500000, 0, 7),
('8990001021231', 'Elbow 1x3/4 SCG', 4765, 6000, 79, 21),
('8990001005521', 'Tang Kombinasi 7\" Garfiel', 31000, 40000, 5, 5),
('8990001023112', 'Kuas tangan putih 4\" Crocodile', 26500, 35000, 5, 23),
('8990001006395', 'Body kunci kilat Binoche', 55000, 95000, 4, 6),
('8990001006396', 'Handle Binoche hotel', 100000, 130000, 4, 6),
('8990001021232', 'Operan 1 1/2 x 3/4 SCG', 3796, 6000, 31, 21),
('8990001028106', 'Mata bor beton colok 8\" Massaki', 9250, 15000, 5, 28),
('8990001005522', 'Pahat beton Getar Chisel Junior 22x', 33000, 45000, 2, 5),
('8990001004157', 'Pipa PVC Urano aw 2\" x 5,5 m', 48636, 58000, 3, 4),
('8990001013032', 'Sika Top 107 Plus @ 4 kg/gln', 128700, 145000, 9, 13),
('8990001007178', 'WD anti karat multiguna 191 ML', 33500, 40000, 0, 7),
('8990001006397', 'Gembok Exito 20 mm', 4417, 10000, 3, 6),
('8990001017018', 'Tali nylon 2 mm Amila', 6000, 10000, 12, 17),
('8990001024028', 'Kawat Harmonika pagar @ rol', 135000, 180000, 0, 24),
('8990001023113', 'Kuas tangan putih 3/4\" Eterna', 3000, 5000, 4, 23),
('8990001024029', 'Kawat Ayak Pasir @ roll', 435000, 480000, 0, 24),
('8990001005523', 'Solder lurus Kenmaster gg pvc', 16000, 25000, 2, 5),
('8990001005524', 'Hole saw set 13 pcs Nankai', 55000, 70000, 1, 5),
('8990001019215', 'Stop Kontak 2 lbg Cahaya/Osaka/Sunf', 8200, 15000, 29, 19),
('8990001005525', 'Brush Mangkok Ryu 3\" biasa', 21000, 28000, 5, 5),
('8990001004153', 'Pipa Rucika aw 1/2 x 6 m', 31200, 40000, 13, 4),
('8990001004154', 'Pipa Rucika aw 3/4 x 6 m', 42800, 50000, 0, 4),
('8990001019226', 'Kabel HYM putih 2x2,5 Pensonic @ cm', 47, 70, 1400, 19),
('8990001006399', 'Gembok Belmondo 50 mm pjg', 20750, 28000, 0, 6),
('8990001006400', 'Gembok Belmondo 50 mm pdk', 19500, 28000, 4, 6),
('8990001006401', 'Gembok Bantal Vajra 40 mm', 25000, 35000, 5, 6),
('8990001006402', 'Gembok Bantal Vajra 50 mm', 30000, 40000, 7, 6),
('8990001006403', 'Gembok Bantal Vajra 60 mm', 35000, 45000, 6, 6),
('8990001007197', 'Cat Tembok Asian Paint value 25 kg', 442934, 440000, 5, 7),
('8990001007190', 'Cat tembok Value 5 kg', 72150, 80000, 1, 7),
('8990001005526', 'Gergaji kayu/Dahan VPR gg kayu 14\"', 15833, 23000, 3, 5),
('8990001009087', 'Keramik 20x20 Arwana Light Green', 55000, 60000, 0, 9),
('8990001020100', 'Baut hitam 3/8 x 8 pjg', 4563, 8000, 25, 20),
('8990001021234', 'Elbow 3/4 Rucika', 2252, 4000, 41, 21),
('8990001004156', 'Pipa Oka 2 1/2 @ cm', 124, 160, -350, 4),
('8990001020101', 'Baut hitam 3/8 x 10 pjg', 5675, 10000, 25, 20),
('8990001020125', 'Baut hitam 7/16x3 baja UNC', 3607, 5000, 60, 20),
('8990001019219', 'Elbow Listrik Putih', 470, 1000, 113, 19),
('8990001010040', 'Lisplang Kalsi 8x200x3000', 35237, 40000, 60, 10),
('8990001005527', 'Mesin Modern Planer 2920', 365000, 430000, 2, 5),
('8990001019217', 'Lampu Brio LED 12 W', 22600, 30000, 7, 19),
('8990001019218', 'Lampu Brio LED 15 W', 29500, 35000, 8, 19),
('8990001014055', 'Selang Dop Triliun 5/8 @ cm', 39, 60, -1200, 14),
('8990001014056', 'Selang Dop Stabilo 5/8 Triliun @ cm', 25, 50, 3750, 14),
('8990001014057', 'Selang Dop Triliun 5/8 @ roll', 186900, 220000, 1, 14),
('8990001014058', 'Selang Dop Stabilo 5/8 Triliun @ ro', 118700, 150000, 0, 14),
('8990001021250', 'Operan 1 1/2 x 1 Wavin', 5202, 10000, 65, 21),
('8990001008023', 'Besi 10 x 12 PJ Baru', 81264, 81000, 0, 8),
('8990001005528', 'Linggis kambing 1/2 mtr Biru', 20000, 35000, 17, 5),
('8990001019220', 'MCB 6A Vyba', 17500, 22000, 2, 19),
('8990001005529', 'Mata Gerinda tipis Ultra Gold', 10000, 14000, 33, 5),
('8990001019221', 'Bola Lampu Ajaib LED GNG 9 w', 31500, 38000, 1, 19),
('8990001019222', 'Bola Lampu Ajaib LED GNG 12 w', 37500, 45000, 1, 19),
('8990001005530', 'Mata bor 8 Granit Benz Diamond core', 30000, 40000, 0, 5),
('8990001005531', 'Mata bor 12 Granit Benz Diamond cor', 36000, 45000, 2, 5);
INSERT INTO `barang` (`idbarang`, `nm_barang`, `hrg_modal`, `hrg_satuan`, `stok`, `idkategori`) VALUES
('8990001012039', 'Tangki air Panther 600 L orange', 512000, 650000, 1, 12),
('8990001020103', 'Baut cacing 10x1 1/4 JF', 240, 600, 711, 20),
('8990001020104', 'Baut cacing 12x1 1/4 JF', 316, 700, 464, 20),
('8990001020105', 'Baut 8x15 BMK', 779, 1500, 296, 20),
('8990001020106', 'Baut 10x15 BMK', 1392, 2000, 218, 20),
('8990001005532', 'Timah Solder Stelee', 10000, 15000, 2, 5),
('8990001019223', 'Box MCB 2 group kaca TRM', 10000, 18000, 13, 19),
('8990001019224', 'Box MCB 4 group TRM', 16000, 23000, 5, 19),
('8990001019225', 'Kabel HYM Putih 2x2,5 Pensonic @ ro', 225000, 250000, 0, 19),
('8990001021235', 'Elbow 1 Rucika', 3513, 5000, 63, 21),
('8990001004159', 'Pipa PVC 2 1/2 x 4 m Champion', 60021, 70000, 8, 4),
('8990001004160', 'Pipa PVC 3 x 4 m Champion', 94568, 105000, 0, 4),
('8990001016143', 'Kran Onda ss 3/4 CLS 02', 58800, 70000, 18, 16),
('8990001016144', 'Wastafel Amstrad putih/Toto', 711550, 750000, 4, 16),
('8990001009088', 'Closet jongkok Toto putih', 305000, 345000, 0, 9),
('8990001004162', 'Pipa Champion aw 4\"x4 m @ cm', 360, 450, 0, 4),
('8990001028120', 'Mata Bor Granit 14 x 70 Benz Diamon', 54000, 65000, 2, 28),
('8990001026017', 'Terpal A8 2x3 Diamond', 66000, 84000, 2, 26),
('8990001026018', 'Terpal A8 4x6 Diamond', 264000, 312000, 2, 26),
('8990001020107', 'Baut Body 8x15', 1147, 1500, 300, 20),
('8990001020108', 'Baut Body 8x40', 1712, 2500, 135, 20),
('8990001020109', 'Baut Body 8x50', 1789, 2500, 149, 20),
('8990001013033', 'Laticrete 278 Mortar Admix', 55000, 65000, 10, 13),
('8990001007179', 'Cat tmbok Tulip Anti Bacte 18 kg@pa', 213675, 240000, 1, 7),
('8990001007180', 'Cat tmbok Tulip Anti Bacte 4,5 kg@g', 54853, 65000, 1, 7),
('8990001006405', 'Gembok samping 25 mm Wild Leon', 6250, 12000, 5, 6),
('8990001006406', 'Gembok samping 30 mm Wild Leon', 7083, 12000, 11, 6),
('8990001006407', 'Gembok samping 40 mm Wild Leon', 7917, 14000, 11, 6),
('8990001007199', 'Pelapis Anti Bocor 4 kg Deck Wall', 315000, 350000, 1, 7),
('8990001011102', 'Seng Multi Roof/Prima hitam/coklat', 35000, 39000, 358, 11),
('8990001020110', 'Baut 4x10 JP', 164, 500, 1984, 20),
('8990001020111', 'Baut 4x20 JP', 197, 500, 1592, 20),
('8990001020112', 'Baut 4x30 JP', 236, 500, 1174, 20),
('8990001020113', 'Baut 5x10 JP', 219, 500, 1491, 20),
('8990001020114', 'Baut 5x20 JP', 274, 500, 1384, 20),
('8990001020115', 'Baut 5x30 JP', 334, 600, 697, 20),
('8990001007182', 'Cat Kolam Sanlex SB 1 kg', 95275, 120000, 15, 7),
('8990001019227', 'Lampu MYVO LED 10 W', 20628, 32000, 13, 19),
('8990001019228', 'Lampu MYVO LED 5 W', 14800, 20000, 9, 19),
('8990001019229', 'Lampu MYVO LED 7 W', 21420, 27000, 16, 19),
('8990001006408', 'Hak angin Yahomura 8\" sn', 2208, 5000, 0, 6),
('8990001007183', 'Cat tembok Jotun putih Jotaplast @g', 95159, 125000, 3, 7),
('8990001007184', 'Alkali Jotaplast Primer @ gln', 80019, 115000, 2, 7),
('8990001011103', 'Seng Spandek Mini 1,8 Merah terang', 44250, 48000, 9, 11),
('8990001009089', 'Keramik 40x40 Arwana Black', 58000, 64000, 4, 9),
('8990001020116', 'Baut hitam 3/8 x 2 baja', 1720, 2500, 92, 20),
('8990001007185', 'Cat tmbok Jotun putih Jotaplast@pai', 488283, 550000, 2, 7),
('8990001008024', 'Besi 10 x 12 PJ Baru 1', 83791, 88000, 217, 8),
('8990001019230', 'Kabel HYM HY 2x1,5 Allison @roll', 125000, 150000, 0, 19),
('8990001016146', 'Sambungan pvc kepala Kran', 7324, 12000, 18, 16),
('8990001016147', 'Kran Angsa Unnu 1/2\"', 73150, 95000, 0, 16),
('8990001020117', 'Baut hitam 5/16 x 1 baja', 798, 1500, 290, 20),
('8990001020118', 'Baut hitam 5/16 x 1 1/2 baja', 948, 2000, 167, 20),
('8990001020119', 'Baut hitam 5/16 x 2 baja', 1112, 2000, 199, 20),
('8990001020124', 'Baut hitam 7/16x2 baja UNC', 2615, 4000, 97, 20),
('8990001004166', 'Pipa Champion aw 1 1/2 x 5,7 m', 61627, 75000, 1, 4),
('8990001021245', 'SDL 1 x 3/4 Power', 2050, 4000, 108, 21),
('8990001005536', 'Mesin Gerinda 4\" 670W Bosch', 372228, 450000, 1, 5),
('8990001028107', 'Mata Bor Keramik 6\" CYL-9 Bosch', 30870, 38000, 5, 28),
('8990001005551', 'Bosun F9', 141313, 160000, 6, 5),
('8990001028108', 'Mata bor Besi 3 mm Bosch', 7761, 12000, 6, 28),
('8990001028109', 'Mata bor Besi 3,5 mm Bosch', 8361, 14000, 6, 28),
('8990001028110', 'Mata bor Besi 4 mm Bosch', 9841, 15000, 10, 28),
('8990001028111', 'Mata bor Besi 4,5 mm Bosch', 11735, 17000, 10, 28),
('8990001028112', 'Mata bor Besi 5 mm Bosch', 14045, 20000, 10, 28),
('8990001028113', 'Mata bor Besi 6 mm Bosch', 18526, 25000, 10, 28),
('8990001028114', 'Mata bor Besi 8 mm Bosch', 29938, 35000, 5, 28),
('8990001028115', 'Mata bor Besi 10 mm Bosch', 47309, 60000, 3, 28),
('8990001028116', 'Mata Gerinda tipis 4 Bosch', 2853, 5000, 201, 28),
('8990001005537', 'Mata Obeng Impact Bosch 405', 11772, 15000, -2, 5),
('8990001005538', 'Mata Obeng Gold Bosch 042', 8686, 14000, 0, 5),
('8990001005539', 'Mata pot Keramik Best Bosch', 74528, 85000, 8, 5),
('8990001005540', 'Mata pot Keramik Best Universal', 97460, 110000, 9, 5),
('8990001005541', 'Mata pot Keramik Best Granite', 112895, 125000, 9, 5),
('8990001005542', 'Obeng gg karet 5 Rocia -', 8100, 12000, 11, 5),
('8990001005543', 'Obeng gg karet 6 Rocia -', 8400, 14000, 11, 5),
('8990001005544', 'Obeng Transparan 4 in Rocia 100 mm', 4400, 8000, 12, 5),
('8990001005545', 'Obeng Transparan 5 in Rocia 125 mm', 4900, 10000, 10, 5),
('8990001005546', 'Obeng Transparan 6 in Rocia 150 mm', 5400, 10000, 9, 5),
('8990001007187', 'Cat tembok Sinfalux 20 kg @ pail', 213865, 260000, 1, 7),
('8990001007188', 'Cat tembok Sinfalux 4 kg @ gln', 51890, 60000, 5, 7),
('8990001016148', 'Kran Angsa pvc Dcota', 40810, 60000, 10, 16),
('8990001021239', 'Stopkran pvc 1\" Ryu', 25500, 32000, 17, 21),
('8990001007189', 'Sikacim Tile Grout Additive 900 ml', 59220, 66000, 8, 7),
('8990001004164', 'Pipa Vitalon aw 1 1/4', 26800, 40000, 9, 4),
('8990001019231', 'S/E S/C OB HTC 834', 8600, 14000, 12, 19),
('8990001016149', 'Kran Angsa Fleksibel Dcota pjg ss', 146685, 170000, 8, 16),
('8990001004168', 'Pipa Champion aw 2 1/2 x 4 @ cm', 150, 200, 200, 4),
('8990001019232', 'Stop Kontak 5 lbg Kawashuki', 14600, 24000, 13, 19),
('8990001019233', 'Lampu MYVO LED 30 W', 61500, 70000, 6, 19),
('8990001005547', 'Mesin Bor 10 Bosch GBM 350W ', 375268, 450000, 1, 1),
('8990001005548', 'Mesin Bor Impact 13 Bosch GSB 550W', 519362, 590000, 1, 5),
('8990001028117', 'Mata Bor Keramik 5\" CYL-9 Bosch', 30869, 38000, 4, 28),
('8990001028118', 'Mata Bor Keramik 8\" CYL-9 Bosch', 45863, 55000, 5, 28),
('8990001028119', 'Mata Bor Keramik 10\" CYL-9 Bosch', 54683, 65000, 5, 28),
('8990001021241', 'Operan 2 x 1 1/2 SCG D', 3150, 6000, 30, 21),
('8990001012037', 'Tangki air Sempurna Orange 250 L', 245000, 280000, 0, 12),
('8990001012038', 'Tangki air Panther Black 300 L', 310000, 360000, 0, 12),
('8990001013034', 'Kalsijoint kompon @ zak 20 kg', 158114, 165000, 0, 13),
('8990001023115', 'Kuas tangan 2 1/2\" King 585', 5544, 10000, 10, 23),
('8990001023116', 'Kuas tangan 3\" King 585', 6688, 13000, 11, 23),
('8990001007193', 'Sikacim Bonding Adhesive 900 ml', 55440, 65000, 9, 7),
('8990001004165', 'Pipa Triliun aw 1/2\" @ cm', 34, 60, -10, 4),
('8990001021242', 'Watermore 3/4 SLG', 17100, 23000, 19, 21),
('8990001021243', 'Watermore 1x3/4 Jet Pump / baru', 8376, 15000, 35, 21),
('8990001021244', 'Elbow drat kn aw 3/4 ', 11880, 16000, 20, 21),
('8990001029086', 'Siku Rak 190 x 270 Warron putih @ b', 7000, 14000, 24, 29),
('8990001029087', 'Siku Rak 220 x 320 Warron pth @ bh', 9950, 15000, 14, 29),
('8990001006409', 'Kunci T sock 07 Lakoni Pro', 12500, 20000, 6, 6),
('8990001006410', 'Kunci T sock 08 Lakoni Pro', 12500, 20000, 4, 6),
('8990001006411', 'Kunci T sock 09 Lakoni PRo', 12500, 20000, 6, 6),
('8990001020120', 'Baut 10x30 BMK', 1626, 2500, 124, 20),
('8990001020121', 'Baut 10x70 BMK', 2656, 3500, 96, 20),
('8990001020122', 'Baut 8x50 BMK', 1287, 2200, 142, 20),
('8990001020123', 'Baut 8x70 BMK', 1638, 2500, 125, 20),
('8990001005549', 'Baut Rofing 12x20 Undrill/12x3/4@kt', 63000, 80000, 0, 5),
('8990001011106', 'Upah tekuk/mtr', 10000, 15000, 0, 11),
('8990001007191', 'Cat minyak Tractor 0,9 l', 53650, 60000, 10, 7),
('8990001018054', 'Lem pvc Qplast/Sharplas/goat tube', 4198, 8000, 340, 18),
('8990001005550', 'Martil/bodem lb 2 gg kayu Yozuri', 53000, 70000, 2, 5),
('8990001025088', 'Paku beton Merah 1\" Yozuri', 13000, 20000, 4, 25),
('8990001005553', 'Pahat Kayu 1/4 Lakoni Pro', 22800, 32000, 12, 5),
('8990001005554', 'Martil segi gg fible 1 LB Lakoni Pr', 59600, 75000, 3, 5),
('8990001014059', 'Selang benang 1/2 Aston @ roll', 337250, 370000, 0, 14),
('8990001005555', 'Sikat kawat kuning gg pvc merah', 4500, 12000, 12, 5),
('8990001014060', 'Selang benang 5/8 Aston @ roll', 420375, 450000, 0, 14),
('8990001007200', 'Cat Tembok Evalux baru', 176000, 200000, 1, 7),
('8990001014061', 'Selang benang 3/4 Tajir @ roll', 534600, 600000, 0, 14),
('8990001010041', 'Lisplang Kalsi 8x300x3000/habis', 60000, 70000, 0, 10),
('8990001021246', 'Stopkran pvc 1 1/2\" Unnu', 63533, 85000, 4, 21),
('8990001021247', 'Stopkran pvc 2\" Unnu', 73550, 90000, 4, 21),
('8990001015041', 'Kabel Tie 4,8x300 Owner', 25000, 35000, 10, 15),
('8990001009091', 'Bon bon Keramik pjg 20 cm serat kay', 1583, 2500, 851, 9),
('8990001016151', 'Kran Angsa fleksibel hitam,biru eng', 81480, 100000, 3, 16),
('8990001011107', 'Seng Plat glg 90 cm @ cm baru', 400, 550, 4300, 11),
('8990001019234', 'Saklar Triplek Broco IB 6613', 23000, 30000, 20, 19),
('8990001019235', 'Steker AC Visalux V9548P', 16000, 22000, 20, 19),
('8990001019236', 'Kap Fiting gantung kecil HSC WD 218', 10000, 15000, 6, 19),
('8990001019237', 'Stop Kontak AC Visalux E3113', 25000, 30000, 10, 19),
('8990001018055', 'Lem setan dextone k', 5600, 10000, 1, 18),
('8990001004171', 'Pipa Seven aw 2 1/2', 86200, 98000, 5, 4),
('8990001028121', 'Mata Bor Granit 20 x 70 Benz Diamon', 75000, 90000, 2, 28),
('8990001028122', 'Mata Bor Granit 22 x 70 Benz Diamon', 85000, 105000, 2, 28),
('8990001028123', 'Mata Bor Granit 25 x 70 Benz Diamon', 100000, 120000, 2, 28),
('8990001028124', 'Mata Bor Granit 10 x 70 Benz Diamon', 33000, 45000, 2, 28),
('8990001028125', 'Mata Bor Granit 12 x 70 Nankai Diam', 77500, 100000, 3, 28),
('8990001010042', 'Kalsiboard 8x1200x2400', 164802, 180000, 4, 10),
('8990001023117', 'Kuas tangan hitam 1 Fit biasa', 1625, 5000, 0, 23),
('8990001023118', 'Kuas tangan hitam 1 1/2 Fit biasa', 2458, 6000, 8, 23),
('8990001023119', 'Kuas tangan hitam 2 Fit biasa', 3208, 7000, 10, 23),
('8990001023120', 'Kuas tangan hitam 2 1/2 Fit biasa', 4042, 8000, 17, 23),
('8990001023121', 'Kuas tangan hitam 3 Fit biasa', 4875, 10000, 21, 23),
('8990001023122', 'Kuas tangan hitam 4 Fit biasa', 8292, 15000, 16, 23),
('8990001007194', 'Aqua/Polyester Mesh 10 cm x 10 m be', 14168, 20000, 6, 7),
('8990001007195', 'Aqua Polyester Mesh 5 cm x 10 m kec', 11132, 16000, 9, 7),
('8990001007196', 'Pelapis Anti Bocor 4 kg Aquaproof', 194304, 210000, 10, 7),
('8990001006412', 'Kunci pintu Belluci Viored NP', 220000, 250000, 6, 6),
('8990001005556', 'Mesin Bor Maktec 13 mm MT 80 B', 465000, 530000, 0, 5),
('8990001019238', 'Kabel HYM HY 2X1,5 @ cm Pensonic', 75, 90, 2400, 19),
('8990001005557', 'Lot Timbangan 200 Blister pres', 16000, 22000, 3, 5),
('8990001020126', 'Skrup Gypsum 6 x 1 1/2 Gnet @ ktk', 85000, 130000, 15, 20),
('8990001011105', 'Seng Spandek Elite 6 M Transparan', 600000, 650000, 0, 11),
('8990001006413', 'Grendel Cab 4', 6042, 12000, 24, 6),
('8990001006414', 'Grendel Cab 6', 8917, 16000, 10, 6),
('8990001006415', 'Grendel Cab 8', 12688, 22000, 12, 6),
('8990001016152', 'Kran Cabang Agusto kuningan', 34675, 50000, 10, 16),
('8990001005558', 'Lot Timbangan 300 Blister press', 19000, 25000, 4, 5),
('8990001005559', 'Lot Timbangan 400 Blister press', 24000, 30000, 5, 5),
('8990001006416', 'Body pelor Tora Classic cover besi', 130000, 155000, 3, 6),
('8990001029088', 'Katrol bulat Jumbo Rush 120 mm klah', 30000, 45000, 2, 29),
('8990001019239', 'Kabel NYM 2x1,5 Lotus @ cm', 76, 90, 7350, 19),
('8990001016155', 'Kran Angsa Fleksibel Terompet SKA', 74100, 100000, 4, 16),
('8990001005560', 'Martil segi gg fiber 10 LBS Amerite', 166000, 195000, 3, 5),
('8990001025089', 'Paku Ripet 540 @ ktk', 46500, 55000, 1, 25),
('8990001020127', 'Dinabolt 10 x 77', 2040, 3500, 111, 20),
('8990001005561', 'Martil segi gg fiber 8 LBS Ameritec', 155000, 185000, 2, 5),
('8990001021248', 'Watermore 1\" ONO', 13500, 23000, 10, 21),
('8990001021249', 'Watermore 1/2\" ONO', 7500, 15000, 10, 21),
('8990001021251', 'Operan 2 x 1 Wavin', 6957, 12000, 45, 21),
('8990001005562', 'Gunting multifungsi korea 7\" Yechen', 28000, 35000, 0, 5),
('8990001005563', 'Mata Pot Keramik F4 Hyper Gold Turb', 50000, 65000, 10, 5),
('8990001021253', 'SDL 1/2 x 3/4', 1730, 4000, 49, 21),
('8990001006417', 'Engsel 4\" Aigo', 7333, 12000, 94, 6),
('8990001006418', 'Plat Gembok 4\" Rush warna', 2167, 6000, 34, 6),
('8990001016153', 'Kran Cabang Baling ss Biru', 53000, 70000, 5, 16),
('8990001016154', 'Kran cabang pvc Dcota', 38709, 50000, 5, 16),
('8990001005564', 'Meteran 7,5 m Lakoni', 47250, 65000, 5, 5),
('8990001022027', 'Pompa Air Panational GP-125', 317000, 380000, 5, 22),
('8990001011109', 'Bola bola Merah Carita', 17000, 20000, 2, 11),
('8990001016156', 'Kran Angsa Fleksi engkol Popaye SKA', 65550, 90000, 4, 16),
('8990001016157', 'Kran Angsa Fleksi Engkok hitam SKA', 52250, 75000, 4, 16),
('8990001023123', 'Kuas lukis Mopit kecil', 1350, 4000, 199, 23),
('8990001016158', 'Shower Cebok Einer pvc putih', 35000, 70000, 2, 16),
('8990001021255', 'Stopkran pvc 2 1/2 Ono', 110000, 150000, 4, 21),
('8990001021256', 'Stopkran pvc 3 Ono ', 210000, 240000, 1, 21),
('8990001028126', 'Mata Bor Keramik 10 mm K55/tombak', 15000, 25000, 5, 28),
('8990001028127', 'Mata Bor Keramik 12 mm K55/tombak', 18000, 30000, 5, 28),
('8990001028128', 'Mata Bor Keramik 8 mm K55/tombak', 12000, 20000, 10, 28),
('8990001019240', 'Kabel NYMHY 2 x 1,5 Alison @ 50 m', 155000, 210000, 6, 19),
('8990001004170', 'Pipa SCG AW 1 x 5,8 m @ cm', 87, 120, -420, 4),
('8990001006419', 'Kunci Tanggung Benelock', 80000, 100000, 24, 6),
('8990001004172', 'Pipa Seven aw 3', 120000, 135000, 26, 4),
('8990001004173', 'Pipa Seven aw 4', 176900, 195000, 5, 4),
('8990001005565', 'Baut Rofing12x50 /2\" VPR @ ktk', 106750, 130000, 10, 5),
('8990001029089', 'Lem Fox 350 gr', 10000, 14000, 42, 18),
('8990001029090', 'Mata bor Kaca 25 mm K55', 43000, 55000, 2, 28),
('8990001029091', 'Mata bor Kaca 36 mm K55', 62000, 75000, 0, 28),
('8990001029092', 'Stop kontak 4 lbg Uticon', 19533, 28000, 12, 19),
('8990001029093', 'Pipa Seven aw 2', 60000, 68000, 16, 4),
('8990001029094', 'steker T serbaguna Meiko Petak MK-7', 5000, 10000, 12, 19),
('8990001029095', 'Lampu Myvo LED 15 w', 26000, 34000, 10, 19),
('8990001029096', 'Lampu MYVO LED 20 w', 35600, 42000, 10, 19),
('8990001029097', 'Pipa Vitalon aw 3/4 @ cm', 37, 60, 500, 4),
('8990001029098', 'Keramik 25x25 Alpha white', 55320, 58000, 71, 9),
('8990001029099', 'Talang air Petak putih Gnet 3,9 m', 64000, 80000, 8, 4),
('8990001029100', 'Fisher 8 Masaki @ ktk', 7000, 12000, 10, 20),
('8990001029101', 'Pipa Seven aw 2 @ cm', 109, 160, 50, 4),
('8990001029102', 'Pipa Seven aw 3 @ cm', 218, 250, 100, 4),
('8990001029103', 'Seng MK Dex coklat Elite 2,5 @ 3 M', 126000, 129000, 1, 11),
('8990001029104', 'Lem silicone botol Handsome', 31000, 38000, 6, 18),
('8990001029105', 'Taarikan jendela TOP', 10000, 8000, 4, 6),
('8990001029106', 'Grendel 10 Soligen', 32917, 45000, 12, 6),
('8990001029107', 'Semen Garuda hrg baru', 61500, 64000, 100, 1);

-- --------------------------------------------------------

--
-- Table structure for table `data_guru`
--

CREATE TABLE `data_guru` (
  `id_guru` int(11) NOT NULL,
  `nm_guru` varchar(150) NOT NULL,
  `email` varchar(150) NOT NULL,
  `password` varchar(150) NOT NULL,
  `address` varchar(150) NOT NULL
) ENGINE=InnoDB DEFAULT CHARSET=utf8mb4;

--
-- Dumping data for table `data_guru`
--

INSERT INTO `data_guru` (`id_guru`, `nm_guru`, `email`, `password`, `address`) VALUES
(1, 'Heriyanto', 'Heriyanto@gmail.com', '12345678', 'Jl. Terpadu Dorak');

-- --------------------------------------------------------

--
-- Table structure for table `data_kelas`
--

CREATE TABLE `data_kelas` (
  `id_kelas` int(11) NOT NULL,
  `nm_kelas` varchar(20) NOT NULL,
  `wali_kelas` varchar(50) NOT NULL DEFAULT 'Saifudin'
) ENGINE=InnoDB DEFAULT CHARSET=utf8mb4;

--
-- Dumping data for table `data_kelas`
--

INSERT INTO `data_kelas` (`id_kelas`, `nm_kelas`, `wali_kelas`) VALUES
(1, 'X IPA 1', 'Imron'),
(2, 'X IPA 2', 'Dewi'),
(3, 'X IPA 3', 'Rindra'),
(4, 'X AGAMA', 'Dion'),
(5, 'X IPS', 'Saifudin');

-- --------------------------------------------------------

--
-- Table structure for table `data_pelangaran`
--

CREATE TABLE `data_pelangaran` (
  `id_pelangaran` int(11) NOT NULL,
  `nm_pelangaran` varchar(100) NOT NULL,
  `jns_pelangaran` varchar(50) NOT NULL,
  `poin_pelangaran` int(50) NOT NULL,
  `jenis` enum('Laki-Laki','Perempuan','Semua') NOT NULL
) ENGINE=InnoDB DEFAULT CHARSET=utf8mb4;

--
-- Dumping data for table `data_pelangaran`
--

INSERT INTO `data_pelangaran` (`id_pelangaran`, `nm_pelangaran`, `jns_pelangaran`, `poin_pelangaran`, `jenis`) VALUES
(1, 'Tidak menggunakan peci', 'RIngan', 10, 'Laki-Laki'),
(2, 'Tidak menggunakan dasi', 'RIngan', 10, 'Laki-Laki'),
(3, 'Melakukan zina', 'Sangat berat', 50, 'Semua');

-- --------------------------------------------------------

--
-- Table structure for table `data_siswa`
--

CREATE TABLE `data_siswa` (
  `id_siswa` int(11) NOT NULL,
  `id_kelas` int(11) NOT NULL,
  `nm_siswa` varchar(255) NOT NULL,
  `nisn` varchar(50) NOT NULL,
  `img` text NOT NULL DEFAULT 'default.png'
) ENGINE=InnoDB DEFAULT CHARSET=utf8mb4;

--
-- Dumping data for table `data_siswa`
--

INSERT INTO `data_siswa` (`id_siswa`, `id_kelas`, `nm_siswa`, `nisn`, `img`) VALUES
(1, 1, 'M. Zulkarnaen', '123456', 'https://images.unsplash.com/photo-1542309667-2a115d1f54c6?ixlib=rb-1.2.1&ixid=MnwxMjA3fDB8MHxwaG90by1wYWdlfHx8fGVufDB8fHx8&auto=format&fit=crop&w=736&q=80'),
(2, 1, 'Rahma Shafiah', '1234567', 'https://images.unsplash.com/photo-1542309667-2a115d1f54c6?ixlib=rb-1.2.1&ixid=MnwxMjA3fDB8MHxwaG90by1wYWdlfHx8fGVufDB8fHx8&auto=format&fit=crop&w=736&q=80'),
(4, 5, 'nurul', '52131', 'https://images.unsplash.com/photo-1438761681033-6461ffad8d80?ixlib=rb-1.2.1&ixid=MnwxMjA3fDB8MHxwaG90by1wYWdlfHx8fGVufDB8fHx8&auto=format&fit=crop&w=1170&q=80'),
(15, 4, 'Koala', '98756', 'https://images.unsplash.com/photo-1438761681033-6461ffad8d80?ixlib=rb-1.2.1&ixid=MnwxMjA3fDB8MHxwaG90by1wYWdlfHx8fGVufDB8fHx8&auto=format&fit=crop&w=1170&q=80'),
(16, 2, 'adi', '5489', 'https://images.unsplash.com/photo-1438761681033-6461ffad8d80?ixlib=rb-1.2.1&ixid=MnwxMjA3fDB8MHxwaG90by1wYWdlfHx8fGVufDB8fHx8&auto=format&fit=crop&w=1170&q=80'),
(17, 3, 'Simbada', '98756', 'https://images.unsplash.com/photo-1438761681033-6461ffad8d80?ixlib=rb-1.2.1&ixid=MnwxMjA3fDB8MHxwaG90by1wYWdlfHx8fGVufDB8fHx8&auto=format&fit=crop&w=1170&q=80');

-- --------------------------------------------------------

--
-- Table structure for table `kategori`
--

CREATE TABLE `kategori` (
  `idkategori` int(3) NOT NULL,
  `nm_kategori` varchar(60) DEFAULT NULL
) ENGINE=MyISAM DEFAULT CHARSET=latin1;

--
-- Dumping data for table `kategori`
--

INSERT INTO `kategori` (`idkategori`, `nm_kategori`) VALUES
(1, 'SEMEN'),
(2, 'KAYU'),
(10, 'TRIPLEK'),
(9, 'KERAMIK'),
(8, 'BESI'),
(7, 'CAT'),
(6, 'KUNCI'),
(5, 'PERALATAN TUKANG'),
(3, 'BAHAN GALIAN'),
(4, 'PIPA'),
(11, 'SENG'),
(12, 'TEMPAT AIR'),
(13, 'DEMPUL / PLAMIR'),
(14, 'SELANG'),
(15, 'KLEM'),
(16, 'KRAN'),
(17, 'TALI'),
(18, 'LEM'),
(19, 'ALAT LISTRIK'),
(20, 'BAUT / SPARE PART'),
(21, 'ACCESORIES PIPA'),
(22, 'POMPA AIR'),
(23, 'KUAS'),
(24, 'KAWAT'),
(25, 'PAKU'),
(26, 'TERPAL'),
(27, 'PINTU'),
(28, 'MATA BOR'),
(29, 'LAIN LAIN'),
(30, 'Alat Berat');

-- --------------------------------------------------------

--
-- Table structure for table `konsumen`
--

CREATE TABLE `konsumen` (
  `idpelanggan` char(6) NOT NULL DEFAULT '',
  `nm_konsumen` varchar(50) DEFAULT NULL,
  `alamat` varchar(50) DEFAULT NULL,
  `no_telp` varchar(15) DEFAULT NULL
) ENGINE=MyISAM DEFAULT CHARSET=latin1;

--
-- Dumping data for table `konsumen`
--

INSERT INTO `konsumen` (`idpelanggan`, `nm_konsumen`, `alamat`, `no_telp`) VALUES
('PL-001', 'Konsumen Umum 1', 'Jalan Tertentu 1', '08888888881'),
('PL-002', 'PT. WTG - GPM', 'air hitam', '07617048800'),
('PL-003', 'PT. WTG - OR', 'Air hitam', '07617048800'),
('PL-004', 'PT. WTG - GBA', 'Air hitam', '07617048800'),
('PL-005', 'PT. WTG - GCP', 'Air hitam', '07617048800'),
('PL-006', 'PT.WTG-Kantor', 'Air hitam', ''),
('PL-007', 'PT. WTG - GSS', 'Air hitam', '07617048800'),
('PL-008', 'Toko Graha Bangunan', 'Graha Rawa Bangun', ''),
('PL-009', 'PT. WTG - GSS Sukajadi', 'Air hitam', ''),
('PL-010', 'PT.WTG - GKRI Kubang Raya', 'Kubang Raya', ''),
('PL-011', 'PT.WTG-ABIMANYU', 'Simpang Tiga', ''),
('PL-012', 'PT WTG - Padat Karya', 'Padat Karya - Palas', ''),
('PL-013', 'PT.WTG-Sugeng', 'Sukajadi', ''),
('PL-014', 'PT.WTG-Ruki Sukaramai', 'Sukaramai', ''),
('PL-015', 'PT.WTG-GSP', 'Padat Karya-Palas', ''),
('PL-016', 'GPK-1', 'Palas', ''),
('PL-017', 'GPK-3', 'Palas', ''),
('PL-018', 'GRAHA ASRI', 'Jl. Sukaramai', ''),
('PL-019', 'PT. RAY', 'Kulim', ''),
('PL-020', 'YLPI', 'Palas', ''),
('PL-021', 'GBA', 'Palas', ''),
('PL-022', 'GSS-2', 'Sukajadi Kubang Raya', ''),
('PL-023', 'PT.TGM-GMS', 'Dahlia Ujung No. 60 Sukajadi', '081261111648'),
('PL-024', 'GSSM (GRIYA SAVANNA SUKA MAKMUR)', 'Air hitam', ''),
('PL-025', 'GSP 2', 'Palas', ''),
('PL-026', 'GMU-GCA', 'Palas', '082386003700'),
('PL-027', 'GPK-4', 'Palas', ''),
('PL-028', 'Savana Cluster', 'Pesantren Kulim', ''),
('PL-029', 'PT.WTG-GPP', 'Suka Karya Panam', ''),
('PL-030', 'PT.WTG-PUTIH PUNGGUK', 'Palas', ''),
('PL-031', 'Ruki Graha', 'Suka Karya', '');

-- --------------------------------------------------------

--
-- Table structure for table `pembelian`
--

CREATE TABLE `pembelian` (
  `no_pembelian` char(10) DEFAULT NULL,
  `no_notabeli` varchar(30) NOT NULL,
  `idpegawai` char(10) NOT NULL,
  `idsupplier` char(6) NOT NULL,
  `jenis` enum('Tunai','Kredit') NOT NULL,
  `tgl_masuk` date NOT NULL,
  `catatan` varchar(100) NOT NULL
) ENGINE=InnoDB DEFAULT CHARSET=utf8mb4;

--
-- Dumping data for table `pembelian`
--

INSERT INTO `pembelian` (`no_pembelian`, `no_notabeli`, `idpegawai`, `idsupplier`, `jenis`, `tgl_masuk`, `catatan`) VALUES
('BL00000001', '003/MJ/XI/21', 'PEG-001', 'PS-109', 'Kredit', '2022-01-03', ''),
('BL00000002', 'JT*2201.0003', 'PEG-001', 'PS-080', 'Kredit', '2022-01-03', ''),
('BL00000003', '0000', 'PEG-001', 'PS-001', 'Tunai', '2022-01-03', ''),
('BL00000004', '0000', 'PEG-001', 'PS-004', 'Tunai', '2022-01-03', ''),
('BL00000005', 'SJPRP/22/01/00051', 'PEG-001', 'PS-042', 'Kredit', '2022-01-04', ''),
('BL00000006', '0000', 'PEG-001', 'PS-001', 'Tunai', '2022-01-04', ''),
('BL00000007', '0000', 'PEG-001', 'PS-001', 'Tunai', '2022-01-04', ''),
('BL00000008', 'JL*2201.0072', 'PEG-001', 'PS-073', 'Tunai', '2022-01-04', ''),
('BL00000009', '0000', 'PEG-001', 'PS-022', 'Kredit', '2022-01-05', ''),
('BL00000010', '0000', 'PEG-001', 'PS-001', 'Tunai', '2022-01-05', ''),
('BL00000011', '0000', 'PEG-001', 'PS-001', 'Tunai', '2022-01-05', ''),
('BL00000012', 'JL*2201.0022', 'PEG-001', 'PS-008', 'Tunai', '2022-01-05', ''),
('BL00000013', 'GK/22/01/00004', 'PEG-001', 'PS-011', 'Kredit', '2022-01-06', ''),
('BL00000014', '0000', 'PEG-001', 'PS-075', 'Kredit', '2022-01-06', ''),
('BL00000015', '0000', 'PEG-001', 'PS-022', 'Kredit', '2022-01-06', ''),
('BL00000016', 'JL*2201.0165', 'PEG-001', 'PS-064', 'Kredit', '2022-01-07', ''),
('BL00000017', 'KG*2201.0083', 'PEG-001', 'PS-106', 'Kredit', '2022-01-07', ''),
('BL00000018', '95/I/222', 'PEG-001', 'PS-037', 'Kredit', '2022-01-07', ''),
('BL00000019', '0000', 'PEG-001', 'PS-009', 'Kredit', '2022-01-07', ''),
('BL00000020', '0000', 'PEG-001', 'PS-001', 'Tunai', '2022-01-08', ''),
('BL00000021', '0000', 'PEG-001', 'PS-004', 'Tunai', '2022-01-08', ''),
('BL00000022', '0000', 'PEG-001', 'PS-009', 'Kredit', '2022-01-08', ''),
('BL00000023', '0000', 'PEG-001', 'PS-009', 'Kredit', '2022-01-08', ''),
('BL00000024', 'SJ/202201/0771', 'PEG-001', 'PS-036', 'Kredit', '2022-01-10', ''),
('BL00000025', '0000', 'PEG-001', 'PS-075', 'Kredit', '2022-01-10', ''),
('BL00000026', '0000', 'PEG-001', 'PS-001', 'Tunai', '2022-01-10', ''),
('BL00000027', '0000', 'PEG-001', 'PS-001', 'Tunai', '2022-01-10', ''),
('BL00000028', '22011001', 'PEG-001', 'PS-009', 'Kredit', '2022-01-11', ''),
('BL00000029', '22011002', 'PEG-001', 'PS-009', 'Kredit', '2022-01-11', ''),
('BL00000030', 'TP*2201.0135', 'PEG-001', 'PS-102', 'Kredit', '2022-01-11', ''),
('BL00000031', '316598', 'PEG-001', 'PS-017', 'Kredit', '2022-01-12', ''),
('BL00000032', '316597', 'PEG-001', 'PS-017', 'Kredit', '2022-01-12', ''),
('BL00000033', '0000', 'PEG-001', 'PS-001', 'Tunai', '2022-01-11', ''),
('BL00000034', '0000', 'PEG-001', 'PS-001', 'Tunai', '2022-01-12', ''),
('BL00000035', '0000', 'PEG-001', 'PS-001', 'Tunai', '2022-01-12', ''),
('BL00000036', '0000', 'PEG-001', 'PS-001', 'Tunai', '2022-01-12', ''),
('BL00000037', '22011201', 'PEG-001', 'PS-009', 'Kredit', '2022-01-12', ''),
('BL00000038', 'JL*2201.0419', 'PEG-001', 'PS-023', 'Kredit', '2022-01-12', ''),
('BL00000039', '0000', 'PEG-001', 'PS-001', 'Tunai', '2022-01-13', ''),
('BL00000040', '0000', 'PEG-001', 'PS-022', 'Kredit', '2022-01-13', ''),
('BL00000041', 'PKU2201-00173', 'PEG-001', 'PS-077', 'Kredit', '2022-01-14', ''),
('BL00000042', '000062', 'PEG-001', 'PS-070', 'Kredit', '2022-01-14', ''),
('BL00000043', 'BL*2201.0180', 'PEG-001', 'PS-030', 'Kredit', '2022-01-14', ''),
('BL00000044', 'SJ/202201/1260', 'PEG-001', 'PS-036', 'Kredit', '2022-01-14', ''),
('BL00000045', '00343/CR/MAS/01/2022', 'PEG-001', 'PS-098', 'Kredit', '2022-01-14', ''),
('BL00000046', '77047', 'PEG-001', 'PS-019', 'Kredit', '2022-01-14', ''),
('BL00000048', 'AL*2201.0164', 'PEG-001', 'PS-072', 'Kredit', '2022-01-14', ''),
('BL00000049', '0000', 'PEG-001', 'PS-001', 'Tunai', '2022-01-14', ''),
('BL00000050', '0000', 'PEG-001', 'PS-001', 'Tunai', '2022-01-14', ''),
('BL00000051', 'JL*2201.0598', 'PEG-001', 'PS-073', 'Tunai', '2022-01-14', ''),
('BL00000052', 'JL*2201.0568', 'PEG-001', 'PS-073', 'Tunai', '2022-01-14', ''),
('BL00000053', 'JL*2201.0301', 'PEG-001', 'PS-073', 'Tunai', '2022-01-14', ''),
('BL00000054', '2022/PKB-PKB/22A00255', 'PEG-001', 'PS-041', 'Kredit', '2022-01-14', ''),
('BL00000055', '0000', 'PEG-001', 'PS-001', 'Tunai', '2022-01-15', ''),
('BL00000056', 'LL*2201.01.30', 'PEG-001', 'PS-030', 'Kredit', '2022-01-15', ''),
('BL00000057', '0000', 'PEG-001', 'PS-001', 'Tunai', '2022-01-15', ''),
('BL00000058', '22010194', 'PEG-001', 'PS-021', 'Kredit', '2022-01-15', ''),
('BL00000059', '22011501', 'PEG-001', 'PS-009', 'Kredit', '2022-01-15', ''),
('BL00000060', '0000', 'PEG-001', 'PS-001', 'Tunai', '2022-01-17', ''),
('BL00000061', '0000', 'PEG-001', 'PS-001', 'Tunai', '2022-01-18', ''),
('BL00000062', '0000', 'PEG-001', 'PS-001', 'Tunai', '2022-01-18', ''),
('BL00000063', '0869', 'PEG-001', 'PS-001', 'Tunai', '2022-01-18', ''),
('BL00000064', '0000', 'PEG-001', 'PS-001', 'Tunai', '2022-01-18', ''),
('BL00000065', 'JL*2201.0744', 'PEG-001', 'PS-073', 'Tunai', '2022-01-18', ''),
('BL00000066', '0000', 'PEG-001', 'PS-022', 'Kredit', '2022-01-18', ''),
('BL00000067', 'JL*2201.0411', 'PEG-001', 'PS-110', 'Kredit', '2022-01-18', ''),
('BL00000068', 'AL*2201.0181', 'PEG-001', 'PS-072', 'Kredit', '2022-01-18', ''),
('BL00000069', 'DN/PKU/API/21-22/02752', 'PEG-001', 'PS-105', 'Kredit', '2022-01-18', ''),
('BL00000070', '0000', 'PEG-001', 'PS-001', 'Tunai', '2022-01-19', ''),
('BL00000071', '0000', 'PEG-001', 'PS-004', 'Tunai', '2022-01-19', ''),
('BL00000072', 'JL*2201.0670', 'PEG-001', 'PS-023', 'Kredit', '2022-01-19', ''),
('BL00000073', 'SJ/202201/1642', 'PEG-001', 'PS-036', 'Kredit', '2022-01-19', ''),
('BL00000074', '0000', 'PEG-001', 'PS-001', 'Tunai', '2022-01-20', ''),
('BL00000075', '0000', 'PEG-001', 'PS-001', 'Tunai', '2022-01-20', ''),
('BL00000076', '00064/CR/---01/2022', 'PEG-001', 'PS-049', 'Kredit', '2022-01-21', ''),
('BL00000077', 'FAST/22/01/00072', 'PEG-001', 'PS-007', 'Kredit', '2022-01-21', ''),
('BL00000078', 'MU22000308', 'PEG-001', 'PS-043', 'Kredit', '2022-01-21', ''),
('BL00000079', 'SJ/2022/PKB-PKB/--00471', 'PEG-001', 'PS-041', 'Kredit', '2022-01-21', ''),
('BL00000080', '0000', 'PEG-001', 'PS-022', 'Kredit', '2022-01-22', ''),
('BL00000081', '0000', 'PEG-001', 'PS-021', 'Kredit', '2022-01-24', ''),
('BL00000082', '0000', 'PEG-001', 'PS-067', 'Kredit', '2022-01-24', ''),
('BL00000083', 'SJ/GI-PKU/I-22/01/1020', 'PEG-001', 'PS-067', 'Kredit', '2022-01-24', ''),
('BL00000084', '0000', 'PEG-001', 'PS-001', 'Tunai', '2022-01-24', ''),
('BL00000085', '0000', 'PEG-001', 'PS-001', 'Tunai', '2022-01-24', ''),
('BL00000086', 'JL*2201.0984', 'PEG-001', 'PS-008', 'Tunai', '2022-01-24', ''),
('BL00000087', 'SN*2201.2459', 'PEG-001', 'PS-008', 'Kredit', '2022-01-24', ''),
('BL00000088', '0000', 'PEG-001', 'PS-001', 'Tunai', '2022-01-22', ''),
('BL00000089', 'JL*2201.0949', 'PEG-001', 'PS-073', 'Tunai', '2022-01-22', ''),
('BL00000090', '0931', 'PEG-001', 'PS-001', 'Tunai', '2022-01-25', ''),
('BL00000091', 'SJ/202201/2127', 'PEG-001', 'PS-036', 'Kredit', '2022-01-25', ''),
('BL00000092', 'SJPRP/22/01/01292', 'PEG-001', 'PS-042', 'Kredit', '2022-01-25', ''),
('BL00000093', '0000', 'PEG-001', 'PS-004', 'Tunai', '2022-01-26', ''),
('BL00000094', 'BB.1204553', 'PEG-001', 'PS-008', 'Kredit', '2022-01-26', ''),
('BL00000095', 'SJ/GI-PKU/I-22/01/1226', 'PEG-001', 'PS-067', 'Kredit', '2022-01-26', ''),
('BL00000096', 'KG*2201.0279', 'PEG-001', 'PS-106', 'Kredit', '2022-01-26', ''),
('BL00000097', '0000', 'PEG-001', 'PS-003', 'Tunai', '2022-01-27', ''),
('BL00000098', 'JL*2201.0782', 'PEG-001', 'PS-064', 'Kredit', '2022-01-27', ''),
('BL00000099', 'EK.2201.0161', 'PEG-001', 'PS-096', 'Kredit', '2022-01-27', ''),
('BL00000100', '22010190', 'PEG-001', 'PS-075', 'Kredit', '2022-01-27', ''),
('BL00000101', '0000', 'PEG-001', 'PS-001', 'Tunai', '2022-01-28', ''),
('BL00000102', '0000', 'PEG-001', 'PS-001', 'Tunai', '2022-01-28', ''),
('BL00000103', '0000', 'PEG-001', 'PS-001', 'Tunai', '2022-01-31', ''),
('BL00000104', '0000', 'PEG-001', 'PS-001', 'Tunai', '2022-01-31', ''),
('BL00000105', '0000', 'PEG-001', 'PS-001', 'Tunai', '2022-01-31', ''),
('BL00000106', '0000', 'PEG-001', 'PS-001', 'Tunai', '2022-01-31', ''),
('BL00000107', '0000', 'PEG-001', 'PS-001', 'Tunai', '2022-01-31', ''),
('BL00000108', '0000', 'PEG-001', 'PS-004', 'Tunai', '2022-01-31', ''),
('BL00000109', '22013101', 'PEG-001', 'PS-009', 'Kredit', '2022-01-31', ''),
('BL00000110', '0000', 'PEG-001', 'PS-001', 'Tunai', '2022-02-01', ''),
('BL00000111', '0000', 'PEG-001', 'PS-001', 'Tunai', '2022-02-02', ''),
('BL00000112', 'JL*2201.1335', 'PEG-001', 'PS-073', 'Tunai', '2022-02-02', ''),
('BL00000113', 'JL*2201.1379', 'PEG-001', 'PS-073', 'Tunai', '2022-02-02', ''),
('BL00000114', '0000', 'PEG-001', 'PS-001', 'Tunai', '2022-02-02', ''),
('BL00000115', '0000', 'PEG-001', 'PS-001', 'Tunai', '2022-02-02', ''),
('BL00000116', 'JL*2202.0010', 'PEG-001', 'PS-073', 'Tunai', '2022-02-02', ''),
('BL00000117', 'MU22000483', 'PEG-001', 'PS-043', 'Kredit', '2022-02-02', ''),
('BL00000118', '0000', 'PEG-001', 'PS-075', 'Kredit', '2022-02-02', ''),
('BL00000119', '112/INV/2022/1114', 'PEG-001', 'PS-026', 'Kredit', '2022-02-02', ''),
('BL00000120', '0000', 'PEG-001', 'PS-001', 'Tunai', '2022-02-03', ''),
('BL00000121', '0000', 'PEG-001', 'PS-001', 'Tunai', '2022-02-03', ''),
('BL00000122', '22020301', 'PEG-001', 'PS-009', 'Kredit', '2022-02-03', ''),
('BL00000123', '474/2/2022', 'PEG-001', 'PS-037', 'Kredit', '2022-02-03', ''),
('BL00000124', 'SN*2202.0039', 'PEG-001', 'PS-008', 'Kredit', '2022-02-03', ''),
('BL00000125', '7310075640', 'PEG-001', 'PS-065', 'Kredit', '2022-02-03', ''),
('BL00000126', 'JL*2202.0046', 'PEG-001', 'PS-110', 'Kredit', '2022-02-03', ''),
('BL00000127', '0000', 'PEG-001', 'PS-001', 'Tunai', '2022-02-04', ''),
('BL00000128', '0000', 'PEG-001', 'PS-001', 'Tunai', '2022-02-04', ''),
('BL00000129', '0000', 'PEG-001', 'PS-001', 'Tunai', '2022-02-04', ''),
('BL00000130', '0000', 'PEG-001', 'PS-001', 'Tunai', '2022-02-04', ''),
('BL00000131', 'SJ/GI-PKU/I-22/02/0147', 'PEG-001', 'PS-067', 'Kredit', '2022-02-04', ''),
('BL00000132', '0000', 'PEG-001', 'PS-067', 'Kredit', '2022-02-04', ''),
('BL00000133', '0000', 'PEG-001', 'PS-022', 'Kredit', '2022-02-04', ''),
('BL00000134', 'TP*2202.0008', 'PEG-001', 'PS-102', 'Kredit', '2022-02-04', ''),
('BL00000135', 'SK22000998', 'PEG-001', 'PS-043', 'Kredit', '2022-02-04', ''),
('BL00000136', '22020501', 'PEG-001', 'PS-009', 'Kredit', '2022-02-05', ''),
('BL00000137', 'TS.1205392', 'PEG-001', 'PS-008', 'Tunai', '2022-02-05', ''),
('BL00000138', 'DN/PKU/API/21-22/02845', 'PEG-001', 'PS-105', 'Kredit', '2022-02-05', ''),
('BL00000139', 'SJ/GI-PKU/2-22/02/0002', 'PEG-001', 'PS-067', 'Kredit', '2022-02-07', ''),
('BL00000140', 'SJ/202202/0323', 'PEG-001', 'PS-036', 'Kredit', '2022-02-05', ''),
('BL00000141', '0000', 'PEG-001', 'PS-075', 'Kredit', '2022-02-05', ''),
('BL00000142', 'SJ/GI-PKU/I-22/02/0192', 'PEG-001', 'PS-067', 'Kredit', '2022-02-05', ''),
('BL00000143', 'SJ/GI-PKU/I-22/02/0159', 'PEG-001', 'PS-067', 'Kredit', '2022-02-05', ''),
('BL00000144', '0000', 'PEG-001', 'PS-001', 'Tunai', '2022-02-07', ''),
('BL00000145', '0991', 'PEG-001', 'PS-001', 'Tunai', '2022-02-07', ''),
('BL00000146', '0000', 'PEG-001', 'PS-001', 'Tunai', '2022-02-07', ''),
('BL00000147', '0000', 'PEG-001', 'PS-004', 'Tunai', '2022-02-07', ''),
('BL00000148', 'TS.1205611', 'PEG-001', 'PS-008', 'Tunai', '2022-02-07', ''),
('BL00000149', '0000', 'PEG-001', 'PS-001', 'Tunai', '2022-02-08', ''),
('BL00000150', '0000', 'PEG-001', 'PS-001', 'Tunai', '2022-02-08', ''),
('BL00000151', '0000', 'PEG-001', 'PS-022', 'Kredit', '2022-02-08', ''),
('BL00000152', 'CA/DO/22-02/000513', 'PEG-001', 'PS-088', 'Kredit', '2022-02-08', ''),
('BL00000153', 'JL*2202.0044', 'PEG-001', 'PS-111', 'Kredit', '2022-02-08', ''),
('BL00000154', '948', 'PEG-001', 'PS-062', 'Kredit', '2022-02-08', ''),
('BL00000155', '0000', 'PEG-001', 'PS-001', 'Tunai', '2022-02-09', ''),
('BL00000156', '0000', 'PEG-001', 'PS-001', 'Tunai', '2022-02-09', ''),
('BL00000157', '0000', 'PEG-001', 'PS-001', 'Tunai', '2022-02-09', ''),
('BL00000158', '0000', 'PEG-001', 'PS-001', 'Tunai', '2022-02-09', ''),
('BL00000159', '22020901', 'PEG-001', 'PS-009', 'Kredit', '2022-02-09', ''),
('BL00000160', 'BL*2202.0135', 'PEG-001', 'PS-030', 'Kredit', '2022-02-09', ''),
('BL00000161', '00226/CR/PJB/02/2022', 'PEG-001', 'PS-049', 'Kredit', '2022-02-09', ''),
('BL00000162', '7310075752', 'PEG-001', 'PS-065', 'Kredit', '2022-02-09', ''),
('BL00000163', '0000', 'PEG-001', 'PS-001', 'Tunai', '2022-02-10', ''),
('BL00000164', '0000', 'PEG-001', 'PS-001', 'Tunai', '2022-02-10', ''),
('BL00000165', '0000', 'PEG-001', 'PS-001', 'Tunai', '2022-02-10', ''),
('BL00000166', '0000', 'PEG-001', 'PS-001', 'Tunai', '2022-02-10', ''),
('BL00000167', '22020092', 'PEG-001', 'PS-075', 'Tunai', '2022-02-10', ''),
('BL00000168', '0000', 'PEG-001', 'PS-075', 'Kredit', '2022-02-10', ''),
('BL00000169', '00237/CR/PJB/02/2022', 'PEG-001', 'PS-049', 'Kredit', '2022-02-10', ''),
('BL00000170', 'LL*2202.01.31', 'PEG-001', 'PS-030', 'Kredit', '2022-02-10', ''),
('BL00000171', 'SJ/GI-PKU/I-22/02/0487', 'PEG-001', 'PS-067', 'Kredit', '2022-02-10', ''),
('BL00000172', '0000', 'PEG-001', 'PS-001', 'Tunai', '2022-02-11', ''),
('BL00000173', '22020100', 'PEG-001', 'PS-075', 'Tunai', '2022-02-11', ''),
('BL00000174', '0000', 'PEG-001', 'PS-075', 'Kredit', '2022-02-11', ''),
('BL00000175', '2022/PKB-PKB/22A01035', 'PEG-001', 'PS-041', 'Kredit', '2022-02-11', ''),
('BL00000176', '2022/PKB-PKB/22A01034', 'PEG-001', 'PS-041', 'Kredit', '2022-02-11', ''),
('BL00000177', 'SJPRP/22/02/02305', 'PEG-001', 'PS-042', 'Kredit', '2022-02-11', ''),
('BL00000178', '0000', 'PEG-001', 'PS-001', 'Tunai', '2022-02-12', ''),
('BL00000179', '0000', 'PEG-001', 'PS-001', 'Tunai', '2022-02-12', ''),
('BL00000180', 'BB.1205923', 'PEG-001', 'PS-008', 'Kredit', '2022-02-12', ''),
('BL00000181', 'BB.1205927', 'PEG-001', 'PS-008', 'Kredit', '2022-02-12', ''),
('BL00000182', '00122/CR/---/02/2022', 'PEG-001', 'PS-049', 'Kredit', '2022-02-12', ''),
('BL00000183', '0000', 'PEG-001', 'PS-001', 'Tunai', '2022-02-14', ''),
('BL00000184', '0000', 'PEG-001', 'PS-004', 'Tunai', '2022-02-14', ''),
('BL00000185', '0000', 'PEG-001', 'PS-075', 'Kredit', '2022-02-14', ''),
('BL00000186', 'JL*2202.0188', 'PEG-001', 'PS-064', 'Kredit', '2022-02-14', ''),
('BL00000187', 'JL*2202.0462', 'PEG-001', 'PS-023', 'Kredit', '2022-02-14', ''),
('BL00000188', '0000', 'PEG-001', 'PS-001', 'Tunai', '2022-02-14', ''),
('BL00000189', 'SJPRP/22/02/02561', 'PEG-001', 'PS-042', 'Kredit', '2022-02-15', ''),
('BL00000190', 'SJ/GI-PKU/I-22/02/0681', 'PEG-001', 'PS-067', 'Kredit', '2022-02-15', ''),
('BL00000191', 'RB.1334 MAYA', 'PEG-001', 'PS-008', 'Kredit', '2022-02-15', ''),
('BL00000192', '22020135', 'PEG-001', 'PS-075', 'Kredit', '2022-02-15', ''),
('BL00000193', '318904', 'PEG-001', 'PS-017', 'Kredit', '2022-02-15', ''),
('BL00000194', 'AL*2202.0092', 'PEG-001', 'PS-072', 'Kredit', '2022-02-15', ''),
('BL00000195', '0006', 'PEG-001', 'PS-001', 'Tunai', '2022-02-16', ''),
('BL00000196', '22020147', 'PEG-001', 'PS-075', 'Tunai', '2022-02-16', ''),
('BL00000197', '0000', 'PEG-001', 'PS-001', 'Tunai', '2022-02-16', ''),
('BL00000198', '0000', 'PEG-001', 'PS-004', 'Tunai', '2022-02-16', ''),
('BL00000199', '0000', 'PEG-001', 'PS-001', 'Tunai', '2022-02-16', ''),
('BL00000200', '0000', 'PEG-001', 'PS-001', 'Tunai', '2022-02-16', ''),
('BL00000201', '22021601', 'PEG-001', 'PS-009', 'Kredit', '2022-02-16', ''),
('BL00000202', '2022/PKB-PKB/22A01139', 'PEG-001', 'PS-041', 'Kredit', '2022-02-15', ''),
('BL00000203', 'SJ/GI-PKU/I-22/02/0760', 'PEG-001', 'PS-067', 'Kredit', '2022-02-16', ''),
('BL00000204', 'JL*2202.0375', 'PEG-001', 'PS-064', 'Kredit', '2022-02-16', ''),
('BL00000205', '961', 'PEG-001', 'PS-062', 'Kredit', '2022-02-16', ''),
('BL00000206', '962', 'PEG-001', 'PS-062', 'Kredit', '2022-02-16', ''),
('BL00000207', '0000', 'PEG-001', 'PS-001', 'Tunai', '2022-02-17', ''),
('BL00000208', '22021701', 'PEG-001', 'PS-009', 'Kredit', '2022-02-17', ''),
('BL00000209', '22021702', 'PEG-001', 'PS-009', 'Kredit', '2022-02-17', ''),
('BL00000210', 'SJ/GI-PKU/I-22/02/0819', 'PEG-001', 'PS-067', 'Kredit', '2022-02-17', ''),
('BL00000211', '00487/CR/MAS/02/2022', 'PEG-001', 'PS-098', 'Kredit', '2022-02-17', ''),
('BL00000212', '0000', 'PEG-001', 'PS-022', 'Kredit', '2022-02-17', ''),
('BL00000213', 'SJ-03A-2202-01476', 'PEG-001', 'PS-015', 'Kredit', '2022-02-17', ''),
('BL00000214', 'LL*2202.0345', 'PEG-001', 'PS-030', 'Kredit', '2022-02-17', ''),
('BL00000215', '77638', 'PEG-001', 'PS-019', 'Kredit', '2022-02-17', ''),
('BL00000216', '0000', 'PEG-001', 'PS-001', 'Tunai', '2022-02-18', ''),
('BL00000217', '0000', 'PEG-001', 'PS-001', 'Tunai', '2022-02-18', ''),
('BL00000218', '0000', 'PEG-001', 'PS-001', 'Tunai', '2022-02-18', ''),
('BL00000219', '0000', 'PEG-001', 'PS-001', 'Tunai', '2022-02-18', ''),
('BL00000220', '0000', 'PEG-001', 'PS-001', 'Tunai', '2022-02-19', ''),
('BL00000221', '0000', 'PEG-001', 'PS-001', 'Tunai', '2022-02-19', ''),
('BL00000222', '0000', 'PEG-001', 'PS-001', 'Tunai', '2022-02-19', ''),
('BL00000223', '0000', 'PEG-001', 'PS-001', 'Tunai', '2022-02-19', ''),
('BL00000224', '0000', 'PEG-001', 'PS-001', 'Tunai', '2022-02-19', ''),
('BL00000225', '0000', 'PEG-001', 'PS-001', 'Tunai', '2022-02-21', ''),
('BL00000226', '0000', 'PEG-001', 'PS-001', 'Tunai', '2022-02-21', ''),
('BL00000227', '2022/PKB-PKB/22A01257', 'PEG-001', 'PS-041', 'Kredit', '2022-02-21', ''),
('BL00000228', '0000', 'PEG-001', 'PS-075', 'Kredit', '2022-02-21', ''),
('BL00000229', '0000', 'PEG-001', 'PS-075', 'Kredit', '2022-02-21', ''),
('BL00000230', 'JL*2202.0509', 'PEG-001', 'PS-110', 'Kredit', '2022-02-21', ''),
('BL00000231', '1297', 'PEG-001', 'PS-109', 'Kredit', '2022-02-21', ''),
('BL00000232', '0000', 'PEG-001', 'PS-007', 'Kredit', '2022-02-18', ''),
('BL00000233', '1281', 'PEG-001', 'PS-109', 'Kredit', '2022-02-18', ''),
('BL00000234', 'SN*2202.1871', 'PEG-001', 'PS-008', 'Kredit', '2022-02-18', ''),
('BL00000235', '00506/CR/MAS/02/2022', 'PEG-001', 'PS-098', 'Kredit', '2022-02-18', ''),
('BL00000236', '22021901', 'PEG-001', 'PS-009', 'Kredit', '2022-02-19', ''),
('BL00000237', '22021902', 'PEG-001', 'PS-009', 'Kredit', '2022-02-19', ''),
('BL00000238', '0000', 'PEG-001', 'PS-067', 'Kredit', '2022-02-19', ''),
('BL00000239', '0000', 'PEG-001', 'PS-001', 'Tunai', '2022-02-18', ''),
('BL00000240', '22022201', 'PEG-001', 'PS-009', 'Kredit', '2022-02-22', ''),
('BL00000241', '22022202', 'PEG-001', 'PS-009', 'Kredit', '2022-02-22', ''),
('BL00000242', '22022203', 'PEG-001', 'PS-009', 'Kredit', '2022-02-22', ''),
('BL00000243', '22022204', 'PEG-001', 'PS-009', 'Kredit', '2022-02-22', ''),
('BL00000244', '0000', 'PEG-001', 'PS-001', 'Tunai', '2022-02-22', ''),
('BL00000245', '0000', 'PEG-001', 'PS-001', 'Tunai', '2022-02-22', ''),
('BL00000246', '0000', 'PEG-001', 'PS-001', 'Tunai', '2022-02-22', ''),
('BL00000247', '0000', 'PEG-001', 'PS-001', 'Tunai', '2022-02-22', ''),
('BL00000248', 'JL*2202.0916', 'PEG-001', 'PS-073', 'Tunai', '2022-02-22', ''),
('BL00000249', '0000', 'PEG-001', 'PS-001', 'Tunai', '2022-02-23', ''),
('BL00000250', '0000', 'PEG-001', 'PS-001', 'Tunai', '2022-02-23', ''),
('BL00000251', 'SN*2202.2584', 'PEG-001', 'PS-008', 'Kredit', '2022-02-23', ''),
('BL00000252', '22020211', 'PEG-001', 'PS-075', 'Kredit', '2022-02-23', ''),
('BL00000253', '0000', 'PEG-001', 'PS-001', 'Tunai', '2022-02-24', ''),
('BL00000254', '0000', 'PEG-001', 'PS-001', 'Tunai', '2022-02-24', ''),
('BL00000255', 'JL*2202.0661', 'PEG-001', 'PS-064', 'Kredit', '2022-02-24', ''),
('BL00000256', 'SJ-03A-2202-02268', 'PEG-001', 'PS-015', 'Kredit', '2022-02-24', ''),
('BL00000257', 'SJ-03A-2202-02267', 'PEG-001', 'PS-015', 'Kredit', '2022-02-24', ''),
('BL00000258', '22020245', 'PEG-001', 'PS-021', 'Kredit', '2022-02-24', ''),
('BL00000259', 'JL*2202.0664', 'PEG-001', 'PS-064', 'Kredit', '2022-02-25', ''),
('BL00000260', '0000', 'PEG-001', 'PS-007', 'Kredit', '2022-02-25', ''),
('BL00000261', '0000', 'PEG-001', 'PS-075', 'Kredit', '2022-02-25', ''),
('BL00000262', 'P22-02-3231', 'PEG-001', 'PS-018', 'Kredit', '2022-02-25', ''),
('BL00000263', 'P22-02-3232', 'PEG-001', 'PS-018', 'Kredit', '2022-02-25', ''),
('BL00000264', 'P22-02-3233', 'PEG-001', 'PS-018', 'Kredit', '2022-02-25', ''),
('BL00000265', '0000', 'PEG-001', 'PS-001', 'Tunai', '2022-02-25', ''),
('BL00000266', '0000', 'PEG-001', 'PS-001', 'Tunai', '2022-02-25', ''),
('BL00000267', '0000', 'PEG-001', 'PS-001', 'Tunai', '2022-02-25', ''),
('BL00000268', '0000', 'PEG-001', 'PS-001', 'Tunai', '2022-02-25', ''),
('BL00000269', '0000', 'PEG-001', 'PS-001', 'Tunai', '2022-02-25', ''),
('BL00000270', 'JL*2202.1048', 'PEG-001', 'PS-073', 'Tunai', '2022-02-25', ''),
('BL00000271', 'SK22001619', 'PEG-001', 'PS-043', 'Kredit', '2022-02-24', ''),
('BL00000272', '22022601', 'PEG-001', 'PS-009', 'Kredit', '2022-02-26', ''),
('BL00000273', '1324', 'PEG-001', 'PS-109', 'Kredit', '2022-02-26', ''),
('BL00000274', '984', 'PEG-001', 'PS-062', 'Kredit', '2022-02-26', ''),
('BL00000275', '0000', 'PEG-001', 'PS-001', 'Tunai', '2022-02-26', ''),
('BL00000276', '0000', 'PEG-001', 'PS-001', 'Tunai', '2022-02-26', ''),
('BL00000277', 'JL*2202.1082', 'PEG-001', 'PS-073', 'Tunai', '2022-02-26', ''),
('BL00000278', '0000', 'PEG-001', 'PS-001', 'Tunai', '2022-02-28', ''),
('BL00000279', '0000', 'PEG-001', 'PS-001', 'Tunai', '2022-02-28', ''),
('BL00000280', '0000', 'PEG-001', 'PS-007', 'Kredit', '2022-02-28', ''),
('BL00000281', '22022801', 'PEG-001', 'PS-009', 'Kredit', '2022-02-28', ''),
('BL00000282', 'DN/PKU/API/21-22/02968', 'PEG-001', 'PS-105', 'Kredit', '2022-03-01', ''),
('BL00000283', '0000', 'PEG-001', 'PS-075', 'Kredit', '2022-03-01', ''),
('BL00000284', '0000', 'PEG-001', 'PS-001', 'Tunai', '2022-03-01', ''),
('BL00000285', '0000', 'PEG-001', 'PS-001', 'Tunai', '2022-03-01', ''),
('BL00000286', '00376/CR/PJB/03/2022', 'PEG-001', 'PS-049', 'Kredit', '2022-03-01', ''),
('BL00000287', '0000', 'PEG-001', 'PS-001', 'Tunai', '2022-03-02', ''),
('BL00000288', '0000', 'PEG-001', 'PS-001', 'Tunai', '2022-03-02', ''),
('BL00000289', '0000', 'PEG-001', 'PS-001', 'Tunai', '2022-03-02', ''),
('BL00000290', '0000', 'PEG-001', 'PS-001', 'Tunai', '2022-03-02', ''),
('BL00000291', '0000', 'PEG-001', 'PS-001', 'Tunai', '2022-03-02', ''),
('BL00000292', 'JL*2203.0094', 'PEG-001', 'PS-073', 'Tunai', '2022-03-02', ''),
('BL00000293', 'JL*2203.0055', 'PEG-001', 'PS-064', 'Kredit', '2022-03-02', ''),
('BL00000294', '0000', 'PEG-001', 'PS-007', 'Kredit', '2022-03-02', ''),
('BL00000295', '0000', 'PEG-001', 'PS-022', 'Kredit', '2022-03-02', ''),
('BL00000296', 'AL*2203.0008', 'PEG-001', 'PS-072', 'Kredit', '2022-03-02', ''),
('BL00000297', 'SJ/GI-PKU/I-22/03/0033', 'PEG-001', 'PS-067', 'Kredit', '2022-03-02', ''),
('BL00000298', '988', 'PEG-001', 'PS-062', 'Kredit', '2022-03-02', ''),
('BL00000299', '2022/PKB-PKB/22A01448', 'PEG-001', 'PS-041', 'Kredit', '2022-03-02', ''),
('BL00000300', '0000', 'PEG-001', 'PS-001', 'Tunai', '2022-03-03', ''),
('BL00000301', '0000', 'PEG-001', 'PS-001', 'Tunai', '2022-03-03', ''),
('BL00000302', '112/INV/2022/1956', 'PEG-001', 'PS-026', 'Kredit', '2022-03-03', ''),
('BL00000303', '0000', 'PEG-001', 'PS-007', 'Kredit', '2022-03-04', ''),
('BL00000304', 'PKU2203-00812', 'PEG-001', 'PS-077', 'Kredit', '2022-03-04', ''),
('BL00000305', '00391/CR/KL/03/2022', 'PEG-001', 'PS-014', 'Kredit', '2022-03-04', ''),
('BL00000306', '00453/CR/KL/03/2022', 'PEG-001', 'PS-014', 'Kredit', '2022-03-04', ''),
('BL00000307', '0000', 'PEG-001', 'PS-001', 'Tunai', '2022-03-04', ''),
('BL00000308', '0000', 'PEG-001', 'PS-001', 'Tunai', '2022-03-04', ''),
('BL00000309', 'JL*2203.0213', 'PEG-001', 'PS-073', 'Tunai', '2022-03-04', ''),
('BL00000310', 'SJ/GI-PKU/I-22/03/0189', 'PEG-001', 'PS-067', 'Kredit', '2022-03-04', ''),
('BL00000311', '320082', 'PEG-001', 'PS-017', 'Kredit', '2022-03-04', ''),
('BL00000312', '0000', 'PEG-001', 'PS-075', 'Kredit', '2022-03-04', ''),
('BL00000313', 'SJ-03A-2203-00219', 'PEG-001', 'PS-015', 'Kredit', '2022-03-04', ''),
('BL00000314', '0000', 'PEG-001', 'PS-007', 'Kredit', '2022-03-05', ''),
('BL00000315', '0000', 'PEG-001', 'PS-075', 'Kredit', '2022-03-05', ''),
('BL00000316', 'SJ.025.2203', 'PEG-001', 'PS-079', 'Kredit', '2022-03-05', ''),
('BL00000317', '5000', 'PEG-002', 'PS-001', 'Tunai', '0000-00-00', ''),
('BL00000317', 'xxxxxxxxxx', 'PEG-001', 'PS-111', 'Kredit', '2022-08-24', ''),
('BL00000318', 'xxxxxxxxxx', 'PEG-001', 'PS-111', 'Tunai', '2022-08-24', ''),
('BL00000319', 'xxxxxxxxxx', 'PEG-001', 'PS-110', 'Kredit', '2022-08-24', ''),
('BL00000320', 'xxxxxxxxxx', 'PEG-001', 'PS-111', 'Tunai', '2022-08-25', ''),
('BL00000321', 'xxxxxxxxxx', 'PEG-001', 'PS-111', 'Kredit', '2022-08-26', ''),
('BL00000322', '545454', 'PEG-001', 'PS-111', 'Kredit', '2022-08-26', ''),
('BL00000323', '5656565', 'PEG-001', 'PS-106', 'Kredit', '2022-08-26', ''),
('BL00000324', 'xxxxxxxxxx', 'PEG-001', 'PS-111', 'Tunai', '2022-08-26', ''),
('BL00000325', 'xxxxxxxxx1', 'PEG-001', 'PS-111', 'Tunai', '2022-08-26', ''),
('BL00000326', 'xxxxxxxxxx', 'PEG-001', 'PS-110', 'Kredit', '2022-08-26', ''),
('BL00000327', 'xxxxxxxxx2', 'PEG-001', 'PS-111', 'Kredit', '2022-09-10', ''),
('BL00000328', 'xxxxxxxxxx', 'PEG-001', 'PS-111', 'Tunai', '2022-08-26', ''),
('BL00000329', 'xxxxxxxxxx', 'PEG-001', 'PS-111', 'Tunai', '2022-08-26', ''),
('BL00000330', 'xxxxxxxxxx', 'PEG-001', 'PS-111', 'Tunai', '2022-08-26', ''),
('BL00000331', 'xxxxxxxxxx', 'PEG-001', 'PS-111', 'Tunai', '2022-08-26', ''),
('BL00000332', 'xxxxxxxxxx', 'PEG-001', 'PS-111', 'Tunai', '2022-08-26', ''),
('BL00000333', 'xxxxxxxxxx', 'PEG-001', 'PS-111', 'Tunai', '2022-08-26', ''),
('BL00000334', '545454', 'PEG-001', 'PS-111', 'Kredit', '2022-08-26', ''),
('BL00000335', '5656565', 'PEG-001', 'PS-111', 'Kredit', '2022-08-26', ''),
('BL00000336', '5656565', 'PEG-001', 'PS-111', 'Tunai', '2022-08-26', ''),
('BL00000337', 'xxxxxxxxx1', 'PEG-001', 'PS-104', 'Tunai', '2022-08-27', ''),
('BL00000338', 'xxxxxxxxxx', 'PEG-001', 'PS-104', 'Tunai', '2022-08-27', ''),
('BL00000339', 'xxxxxxxxxx', 'PEG-001', 'PS-104', 'Kredit', '2022-08-27', ''),
('BL00000340', 'xxxxxxxxxx', 'PEG-001', 'PS-111', 'Tunai', '2022-08-27', ''),
('BL00000341', 'xxxxxxxxxx', 'PEG-001', 'PS-111', 'Tunai', '2022-08-27', ''),
('BL00000342', 'xxxxxxxxxx', 'PEG-001', 'PS-111', 'Kredit', '2022-08-27', ''),
('BL00000343', 'xxxxxxxxxx', 'PEG-001', 'PS-111', 'Tunai', '2022-08-27', ''),
('BL00000344', 'xxxxxxxxxx', 'PEG-001', 'PS-111', 'Tunai', '2022-08-27', ''),
('BL00000345', 'xxxxxxxxxx', 'PEG-001', 'PS-111', 'Tunai', '2022-08-27', '');

-- --------------------------------------------------------

--
-- Table structure for table `pembelian_detail`
--

CREATE TABLE `pembelian_detail` (
  `no_pembelian` char(10) NOT NULL,
  `idbarang` char(20) NOT NULL,
  `harga_beli` int(11) DEFAULT NULL,
  `jumlah` int(11) DEFAULT NULL
) ENGINE=InnoDB DEFAULT CHARSET=utf8mb4;

--
-- Dumping data for table `pembelian_detail`
--

INSERT INTO `pembelian_detail` (`no_pembelian`, `idbarang`, `harga_beli`, `jumlah`) VALUES
('BL00000001', '8990001029089', 10000, 48),
('BL00000002', '8990001007185', 500225, 1),
('BL00000003', '8990001001006', 60000, 20),
('BL00000003', '8990001001013', 65500, 20),
('BL00000004', '8990001003013', 450, 6000),
('BL00000005', '8990001014003', 307500, 2),
('BL00000005', '8990001014022', 24, 9500),
('BL00000006', '8990001001013', 65500, 30),
('BL00000007', '8990001002013', 8500, 20),
('BL00000008', '8990001010008', 109000, 5),
('BL00000009', '8990001004049', 63875, 20),
('BL00000009', '8990001021142', 10885, 60),
('BL00000009', '8990001021047', 2315, 220),
('BL00000010', '8990001001013', 65500, 20),
('BL00000011', '8990001001006', 60000, 40),
('BL00000012', '8990001008016', 54000, 100),
('BL00000013', '8990001012025', 115000, 10),
('BL00000014', '8990001008216', 34000, 100),
('BL00000015', '8990001004172', 120000, 25),
('BL00000016', '8990001004011', 117515, 20),
('BL00000017', '8990001005168', 5000, 24),
('BL00000017', '8990001029090', 43000, 2),
('BL00000017', '8990001029091', 62000, 2),
('BL00000017', '8990001006067', 3000, 72),
('BL00000017', '8990001006092', 5667, 24),
('BL00000017', '8990001005063', 32000, 6),
('BL00000017', '8990001005128', 5000, 24),
('BL00000017', '8990001006184', 20000, 12),
('BL00000017', '8990001016082', 90000, 2),
('BL00000018', '8990001009064', 46500, 30),
('BL00000019', '8990001003004', 115000, 6),
('BL00000020', '8990001001013', 65500, 10),
('BL00000021', '8990001003013', 450, 6000),
('BL00000022', '8990001003003', 130000, 6),
('BL00000023', '8990001003002', 160000, 6),
('BL00000024', '8990001001006', 61000, 50),
('BL00000025', '8990001008216', 34000, 100),
('BL00000025', '8990001008024', 84000, 100),
('BL00000026', '8990001001013', 65500, 20),
('BL00000027', '8990001019114', 7695, 20),
('BL00000027', '8990001029092', 19533, 12),
('BL00000028', '8990001003003', 130000, 6),
('BL00000029', '8990001003002', 160000, 6),
('BL00000030', '8990001011034', 82000, 60),
('BL00000031', '8990001009012', 21333, 12),
('BL00000032', '8990001009022', 245000, 3),
('BL00000033', '8990001001013', 65500, 20),
('BL00000034', '8990001001013', 65500, 30),
('BL00000035', '8990001002003', 11538, 104),
('BL00000036', '8990001002005', 16667, 72),
('BL00000037', '8990001003004', 115000, 7),
('BL00000038', '8990001007061', 76999, 8),
('BL00000039', '8990001002014', 24000, 16),
('BL00000039', '8990001002003', 11500, 20),
('BL00000040', '8990001029093', 60000, 20),
('BL00000041', '8990001010040', 34716, 54),
('BL00000042', '8990001010034', 52000, 50),
('BL00000042', '8990001013012', 60000, 5),
('BL00000042', '8990001010032', 13000, 100),
('BL00000042', '8990001010031', 8500, 100),
('BL00000043', '8990001007127', 264550, 3),
('BL00000043', '8990001007132', 57998, 8),
('BL00000044', '8990001001006', 61000, 100),
('BL00000045', '8990001026014', 140, 5090),
('BL00000046', '8990001026014', 150, 5050),
('BL00000048', '8990001012030', 398560, 3),
('BL00000049', '8990001001013', 65500, 10),
('BL00000050', '8990001002014', 24000, 25),
('BL00000050', '8990001002003', 11538, 52),
('BL00000051', '8990001010008', 109000, 10),
('BL00000052', '8990001010008', 109000, 5),
('BL00000053', '8990001010008', 109000, 10),
('BL00000054', '8990001024015', 165, 4000),
('BL00000055', '8990001002003', 11538, 52),
('BL00000056', '8990001027014', 240000, 1),
('BL00000057', '8990001002003', 11538, 52),
('BL00000058', '8990001019227', 19600, 10),
('BL00000058', '8990001029095', 26000, 10),
('BL00000058', '8990001029096', 35600, 10),
('BL00000058', '8990001029094', 5000, 12),
('BL00000059', '8990001003004', 115000, 6),
('BL00000060', '8990001002013', 9000, 28),
('BL00000061', '8990001001013', 65500, 20),
('BL00000062', '8990001009081', 14000, 39),
('BL00000063', '8990001027010', 255000, 1),
('BL00000064', '8990001002005', 16667, 72),
('BL00000064', '8990001002003', 11538, 104),
('BL00000065', '8990001010008', 109000, 18),
('BL00000066', '8990001004172', 120000, 20),
('BL00000066', '8990001021162', 8365, 75),
('BL00000067', '8990001012030', 384500, 3),
('BL00000068', '8990001004005', 9200, 50),
('BL00000069', '8990001007197', 416250, 5),
('BL00000070', '8990001002014', 24000, 50),
('BL00000070', '8990001002003', 11538, 104),
('BL00000071', '8990001003013', 450, 6000),
('BL00000072', '8990001016017', 72600, 8),
('BL00000072', '8990001021210', 68000, 15),
('BL00000073', '8990001001006', 61000, 50),
('BL00000074', '8990001001013', 65500, 10),
('BL00000075', '8990001002014', 24000, 50),
('BL00000076', '8990001025052', 17500, 16),
('BL00000076', '8990001025072', 118000, 2),
('BL00000076', '8990001025071', 113000, 4),
('BL00000076', '8990001025069', 113000, 4),
('BL00000077', '8990001018051', 9360, 48),
('BL00000078', '8990001009064', 47000, 80),
('BL00000079', '8990001029098', 54422, 51),
('BL00000080', '8990001004172', 120000, 20),
('BL00000080', '8990001004173', 176900, 5),
('BL00000081', '8990001019004', 750, 100),
('BL00000081', '8990001018038', 6500, 20),
('BL00000081', '8990001018012', 6000, 96),
('BL00000082', '8990001011102', 35000, 100),
('BL00000082', '8990001011097', 17000, 50),
('BL00000082', '8990001011025', 17000, 50),
('BL00000083', '8990001007168', 175000, 5),
('BL00000084', '8990001001013', 65500, 14),
('BL00000085', '8990001002003', 104, 11538),
('BL00000085', '8990001002014', 24000, 50),
('BL00000086', '8990001008016', 50500, 50),
('BL00000087', '8990001008016', 51500, 50),
('BL00000087', '8990001008216', 30800, 50),
('BL00000088', '8990001002004', 24000, 10),
('BL00000089', '8990001010008', 109000, 4),
('BL00000090', '8990001027010', 255000, 2),
('BL00000091', '8990001001006', 61000, 100),
('BL00000092', '8990001007120', 23646, 24),
('BL00000093', '8990001003013', 450, 6000),
('BL00000094', '8990001008023', 78500, 100),
('BL00000095', '8990001029099', 64000, 8),
('BL00000096', '8990001006271', 80000, 18),
('BL00000096', '8990001005334', 16667, 12),
('BL00000096', '8990001021056', 21500, 12),
('BL00000096', '8990001029100', 7000, 10),
('BL00000096', '8990001020073', 35000, 12),
('BL00000096', '8990001005096', 1900, 100),
('BL00000096', '8990001005483', 4042, 24),
('BL00000096', '8990001018041', 3000, 50),
('BL00000096', '8990001012010', 50000, 6),
('BL00000096', '8990001023082', 4500, 10),
('BL00000097', '8990001002005', 18200, 10),
('BL00000097', '8990001010035', 62000, 8),
('BL00000098', '8990001004032', 28361, 50),
('BL00000099', '8990001028116', 2851, 200),
('BL00000100', '8990001008216', 32750, 100),
('BL00000100', '8990001024015', 177, 4800),
('BL00000101', '8990001001013', 65500, 14),
('BL00000102', '8990001002013', 9000, 14),
('BL00000103', '8990001002013', 9000, 42),
('BL00000104', '8990001001013', 65500, 20),
('BL00000104', '8990001001006', 60000, 25),
('BL00000105', '8990001002014', 24000, 15),
('BL00000105', '8990001002003', 11500, 10),
('BL00000106', '8990001002014', 24000, 12),
('BL00000107', '8990001002004', 24000, 50),
('BL00000107', '8990001002005', 16667, 72),
('BL00000108', '8990001003013', 450, 5000),
('BL00000109', '8990001003004', 115000, 6),
('BL00000110', '8990001002013', 9000, 28),
('BL00000111', '8990001002003', 11400, 20),
('BL00000112', '8990001010008', 109000, 12),
('BL00000113', '8990001010008', 109000, 15),
('BL00000114', '8990001001013', 65500, 20),
('BL00000115', '8990001001006', 60000, 30),
('BL00000116', '8990001008007', 14500, 100),
('BL00000116', '8990001005058', 540000, 1),
('BL00000117', '8990001009064', 47000, 80),
('BL00000118', '8990001008216', 33000, 100),
('BL00000118', '8990001008023', 80500, 150),
('BL00000119', '8990001007062', 74648, 4),
('BL00000119', '8990001007041', 294612, 1),
('BL00000120', '8990001001013', 65500, 20),
('BL00000121', '8990001001006', 60000, 20),
('BL00000122', '8990001003004', 115000, 6),
('BL00000123', '8990001009064', 47500, 80),
('BL00000124', '8990001008016', 49800, 100),
('BL00000125', '8990001023039', 6032, 60),
('BL00000126', '8990001012030', 384501, 2),
('BL00000126', '8990001012034', 637000, 1),
('BL00000127', '8990001001013', 65500, 20),
('BL00000128', '8990001002013', 9000, 10),
('BL00000129', '8990001002005', 16667, 72),
('BL00000129', '8990001002003', 11538, 104),
('BL00000129', '8990001002014', 24000, 50),
('BL00000129', '8990001002001', 9545, 22),
('BL00000130', '8990001002014', 24000, 25),
('BL00000131', '8990001011053', 3700, 2050),
('BL00000132', '8990001011063', 252000, 12),
('BL00000132', '8990001011054', 3700, 1360),
('BL00000133', '8990001029093', 60000, 20),
('BL00000133', '8990001004172', 120000, 20),
('BL00000134', '8990001011034', 82000, 50),
('BL00000134', '8990001011035', 42000, 50),
('BL00000135', '8990001001005', 11250, 150),
('BL00000136', '8990001003002', 160000, 6),
('BL00000136', '8990001003003', 130000, 6),
('BL00000137', '8990001010008', 112000, 14),
('BL00000138', '8990001007197', 416250, 5),
('BL00000139', '8990001011106', 10000, 12),
('BL00000140', '8990001001006', 61000, 100),
('BL00000141', '8990001008023', 82000, 150),
('BL00000142', '8990001010014', 47500, 30),
('BL00000143', '8990001011102', 35000, 200),
('BL00000143', '8990001011025', 17000, 50),
('BL00000143', '8990001011097', 17000, 50),
('BL00000144', '8990001002001', 12000, 20),
('BL00000145', '8990001027010', 255000, 5),
('BL00000146', '8990001001013', 65500, 20),
('BL00000147', '8990001003013', 450, 6000),
('BL00000148', '8990001010008', 112000, 20),
('BL00000149', '8990001002003', 11538, 104),
('BL00000149', '8990001002004', 24000, 50),
('BL00000150', '8990001002003', 11538, 52),
('BL00000151', '8990001004106', 44175, 20),
('BL00000151', '8990001021168', 5485, 128),
('BL00000151', '8990001021162', 8365, 75),
('BL00000152', '8990001010023', 100532, 20),
('BL00000153', '8990001012025', 115000, 12),
('BL00000153', '8990001012007', 155000, 2),
('BL00000154', '8990001009065', 46000, 100),
('BL00000155', '8990001001013', 65500, 20),
('BL00000156', '8990001003013', 450, 6000),
('BL00000157', '8990001002005', 16667, 72),
('BL00000157', '8990001002001', 9581, 43),
('BL00000158', '8990001009081', 14000, 28),
('BL00000159', '8990001003004', 115000, 6),
('BL00000160', '8990001007127', 264550, 3),
('BL00000160', '8990001007132', 57998, 8),
('BL00000161', '8990001016062', 6500, 36),
('BL00000161', '8990001006271', 95000, 18),
('BL00000162', '8990001023027', 3428, 60),
('BL00000163', '8990001001013', 65500, 20),
('BL00000164', '8990001002013', 9000, 50),
('BL00000165', '8990001002003', 11538, 104),
('BL00000166', '8990001007076', 30000, 10),
('BL00000167', '8990001010008', 110000, 20),
('BL00000168', '8990001008024', 83500, 93),
('BL00000169', '8990001006282', 26667, 12),
('BL00000170', '8990001026005', 43208, 5),
('BL00000171', '8990001011102', 35000, 200),
('BL00000172', '8990001001013', 65500, 20),
('BL00000173', '8990001010008', 110000, 20),
('BL00000174', '8990001008216', 34000, 100),
('BL00000174', '8990001024015', 177, 4800),
('BL00000174', '8990001011076', 61250, 60),
('BL00000175', '8990001024015', 167, 1900),
('BL00000176', '8990001011039', 59175, 20),
('BL00000177', '8990001013014', 17750, 10),
('BL00000178', '8990001001013', 65500, 20),
('BL00000179', '8990001002013', 8500, 35),
('BL00000180', '8990001008024', 83000, 100),
('BL00000181', '8990001008024', 81800, 150),
('BL00000182', '8990001025071', 120000, 3),
('BL00000182', '8990001025069', 120000, 3),
('BL00000182', '8990001025073', 120000, 2),
('BL00000182', '8990001025072', 125000, 4),
('BL00000183', '8990001001013', 65500, 30),
('BL00000184', '8990001003013', 450, 7000),
('BL00000185', '8990001008024', 84000, 100),
('BL00000186', '8990001004030', 21327, 25),
('BL00000186', '8990001004011', 121432, 20),
('BL00000187', '8990001007049', 358441, 2),
('BL00000188', '8990001027010', 245000, 2),
('BL00000189', '8990001014003', 292125, 2),
('BL00000189', '8990001014052', 457425, 2),
('BL00000189', '8990001014051', 356250, 2),
('BL00000190', '8990001011025', 17000, 50),
('BL00000191', '8990001009010', 156000, 20),
('BL00000192', '8990001008016', 54500, 100),
('BL00000192', '8990001008216', 34500, 100),
('BL00000193', '8990001009012', 22000, 12),
('BL00000194', '8990001027003', 230000, 4),
('BL00000194', '8990001027009', 240000, 1),
('BL00000195', '8990001027014', 240000, 1),
('BL00000196', '8990001010008', 110000, 20),
('BL00000197', '8990001002013', 9000, 14),
('BL00000198', '8990001003013', 450, 6000),
('BL00000199', '8990001001013', 65500, 20),
('BL00000200', '8990001002003', 11538, 104),
('BL00000200', '8990001002014', 24000, 50),
('BL00000201', '8990001003004', 115000, 6),
('BL00000202', '8990001001008', 119000, 5),
('BL00000203', '8990001011102', 35000, 200),
('BL00000204', '8990001004011', 121432, 20),
('BL00000205', '8990001009056', 46000, 100),
('BL00000206', '8990001009056', 46000, 100),
('BL00000207', '8990001002014', 24000, 50),
('BL00000207', '8990001002003', 11538, 104),
('BL00000207', '8990001002001', 9600, 25),
('BL00000208', '8990001003011', 250000, 1),
('BL00000209', '8990001003011', 250000, 1),
('BL00000210', '8990001011063', 252000, 12),
('BL00000210', '8990001011106', 10000, 12),
('BL00000210', '8990001029103', 126000, 1),
('BL00000211', '8990001018054', 4313, 288),
('BL00000211', '8990001005378', 32500, 3),
('BL00000211', '8990001005379', 70000, 3),
('BL00000212', '8990001021176', 1495, 220),
('BL00000212', '8990001021169', 12775, 48),
('BL00000212', '8990001021073', 1400, 280),
('BL00000212', '8990001021100', 1420, 400),
('BL00000213', '8990001007070', 223388, 16),
('BL00000214', '8990001009023', 102509, 10),
('BL00000215', '8990001007095', 19500, 24),
('BL00000216', '8990001001006', 60000, 25),
('BL00000217', '8990001001013', 65500, 20),
('BL00000218', '8990001002014', 24000, 50),
('BL00000219', '8990001002013', 9000, 14),
('BL00000220', '8990001002013', 9000, 28),
('BL00000221', '8990001001013', 65500, 30),
('BL00000222', '8990001002014', 24000, 50),
('BL00000222', '8990001002005', 16667, 72),
('BL00000223', '8990001002001', 9591, 93),
('BL00000224', '8990001003013', 450, 6000),
('BL00000225', '8990001002003', 11538, 104),
('BL00000226', '8990001002013', 9000, 28),
('BL00000227', '8990001025070', 116000, 3),
('BL00000227', '8990001025016', 116000, 2),
('BL00000228', '8990001008024', 84500, 100),
('BL00000229', '8990001012012', 950000, 1),
('BL00000230', '8990001012030', 384500, 3),
('BL00000231', '8990001011034', 80000, 100),
('BL00000231', '8990001011035', 43000, 100),
('BL00000232', '8990001027010', 245000, 2),
('BL00000233', '8990001010032', 11000, 100),
('BL00000233', '8990001010031', 7000, 100),
('BL00000234', '8990001008024', 83000, 100),
('BL00000235', '8990001024004', 225, 7800),
('BL00000236', '8990001003011', 250000, 1),
('BL00000237', '8990001003011', 250000, 1),
('BL00000238', '8990001011102', 35000, 300),
('BL00000238', '8990001011025', 17000, 50),
('BL00000238', '8990001011097', 17000, 50),
('BL00000239', '8990001010007', 80000, 4),
('BL00000240', '8990001003011', 250000, 1),
('BL00000241', '8990001003011', 250000, 1),
('BL00000242', '8990001003002', 160000, 6),
('BL00000243', '8990001003003', 130000, 6),
('BL00000244', '8990001002013', 8000, 28),
('BL00000245', '8990001003013', 450, 8000),
('BL00000246', '8990001001013', 65500, 30),
('BL00000247', '8990001002003', 11538, 104),
('BL00000248', '8990001010008', 109000, 20),
('BL00000249', '8990001001013', 65500, 30),
('BL00000250', '8990001002003', 11538, 104),
('BL00000250', '8990001002014', 24000, 50),
('BL00000251', '8990001008024', 83000, 100),
('BL00000252', '8990001008216', 34500, 100),
('BL00000252', '8990001008024', 84500, 100),
('BL00000253', '8990001003013', 450, 6000),
('BL00000254', '8990001009081', 14000, 22),
('BL00000255', '8990001004011', 121432, 25),
('BL00000256', '8990001007034', 236893, 12),
('BL00000257', '8990001007009', 67710, 48),
('BL00000258', '8990001019194', 135500, 2),
('BL00000258', '8990001019067', 12600, 10),
('BL00000258', '8990001019005', 2200, 12),
('BL00000258', '8990001019223', 10000, 12),
('BL00000258', '8990001019156', 218000, 2),
('BL00000259', '8990001004005', 8780, 100),
('BL00000260', '8990001027010', 245000, 1),
('BL00000261', '8990001008016', 54000, 100),
('BL00000262', '8990001016099', 7800, 20),
('BL00000263', '8990001006263', 90000, 12),
('BL00000263', '8990001006288', 103000, 12),
('BL00000264', '8990001023008', 17917, 72),
('BL00000265', '8990001001013', 65500, 20),
('BL00000266', '8990001002003', 11538, 208),
('BL00000267', '8990001002014', 24000, 50),
('BL00000268', '8990001002005', 16667, 36),
('BL00000269', '8990001002013', 9000, 30),
('BL00000270', '8990001010008', 109000, 15),
('BL00000271', '8990001001005', 11250, 150),
('BL00000272', '8990001003004', 115000, 6),
('BL00000273', '8990001010034', 51000, 50),
('BL00000273', '8990001013012', 65000, 5),
('BL00000274', '8990001009056', 46000, 100),
('BL00000275', '8990001003013', 450, 10000),
('BL00000276', '8990001001013', 65500, 20),
('BL00000277', '8990001010008', 109000, 20),
('BL00000277', '8990001010035', 62000, 20),
('BL00000278', '8990001001013', 65500, 20),
('BL00000279', '8990001002005', 16667, 72),
('BL00000280', '8990001027010', 245000, 1),
('BL00000281', '8990001003004', 115000, 6),
('BL00000282', '8990001007197', 448625, 5),
('BL00000283', '8990001008024', 84000, 100),
('BL00000283', '8990001024015', 177, 2400),
('BL00000284', '8990001001013', 65500, 20),
('BL00000285', '8990001002013', 9000, 27),
('BL00000286', '8990001016026', 6000, 24),
('BL00000286', '8990001016030', 6000, 48),
('BL00000286', '8990001016026', 5167, 24),
('BL00000286', '8990001005304', 12333, 12),
('BL00000286', '8990001029104', 31000, 6),
('BL00000287', '8990001001013', 65500, 18),
('BL00000288', '8990001009081', 14000, 21),
('BL00000288', '8990001009085', 10000, 55),
('BL00000289', '8990001003013', 450, 6000),
('BL00000290', '8990001018023', 7000, 10),
('BL00000291', '8990001002005', 16667, 72),
('BL00000291', '8990001002003', 11538, 104),
('BL00000291', '8990001002014', 24000, 50),
('BL00000291', '8990001002001', 9600, 35),
('BL00000292', '8990001010008', 109000, 20),
('BL00000293', '8990001004011', 130572, 20),
('BL00000294', '8990001027010', 245000, 1),
('BL00000295', '8990001029093', 60000, 20),
('BL00000295', '8990001004172', 120000, 20),
('BL00000295', '8990001004173', 176900, 5),
('BL00000296', '8990001027006', 225000, 2),
('BL00000296', '8990001012030', 390080, 2),
('BL00000297', '8990001011102', 35000, 200),
('BL00000298', '8990001009056', 46000, 100),
('BL00000299', '8990001029098', 55500, 60),
('BL00000300', '8990001001013', 65500, 20),
('BL00000301', '8990001002014', 24000, 10),
('BL00000301', '8990001002003', 12000, 10),
('BL00000302', '8990001007041', 287351, 2),
('BL00000303', '8990001027010', 245000, 1),
('BL00000304', '8990001010040', 35453, 55),
('BL00000305', '8990001025050', 17500, 32),
('BL00000305', '8990001025083', 15000, 40),
('BL00000305', '8990001025038', 19500, 40),
('BL00000305', '8990001025033', 19500, 40),
('BL00000305', '8990001020054', 41000, 20),
('BL00000306', '8990001025057', 8700, 60),
('BL00000306', '8990001006205', 5083, 48),
('BL00000306', '8990001006313', 25208, 12),
('BL00000306', '8990001029106', 32917, 12),
('BL00000306', '8990001005172', 2917, 60),
('BL00000307', '8990001001013', 65500, 30),
('BL00000308', '8990001002013', 9000, 50),
('BL00000309', '8990001010008', 109000, 20),
('BL00000310', '8990001011102', 35000, 150),
('BL00000311', '8990001009012', 21333, 36),
('BL00000312', '8990001008024', 84000, 100),
('BL00000313', '8990001007070', 234303, 4),
('BL00000313', '8990001007155', 1074943, 1),
('BL00000314', '8990001027010', 245000, 1),
('BL00000315', '8990001010013', 42000, 200),
('BL00000316', '8990001029107', 61500, 100),
('BL00000317', '8990001001003', 5000, 500),
('BL00000338', '8990001029107', 50000, 69),
('BL00000338', '8990001019219', 50000, 33),
('BL00000338', '8990001015027', 50000, 33),
('BL00000338', '8990001009078', 50000, 36),
('BL00000338', '8990001029098', 50000, 36),
('BL00000338', '8990001029091', 50000, 36),
('BL00000338', '8990001018055', 50000, 4),
('BL00000339', '8990001029104', 50000, 36),
('BL00000339', '8990001021014', 5000, 50),
('BL00000344', '8990001029105', 10000, NULL);

-- --------------------------------------------------------

--
-- Table structure for table `supplier`
--

CREATE TABLE `supplier` (
  `idsupplier` char(6) NOT NULL DEFAULT '',
  `nm_supplier` varchar(30) DEFAULT NULL,
  `alamat` varchar(50) DEFAULT NULL,
  `no_telp` varchar(15) DEFAULT NULL,
  `kontak` varchar(30) DEFAULT NULL
) ENGINE=MyISAM DEFAULT CHARSET=latin1;

--
-- Dumping data for table `supplier`
--

INSERT INTO `supplier` (`idsupplier`, `nm_supplier`, `alamat`, `no_telp`, `kontak`) VALUES
('PS-001', 'Konsumen Umum', ' ', '', ''),
('PS-011', 'Gaya Keramik', 'Pergudangan Avian', '', ''),
('PS-010', 'PT.Sentral Sinar Matahari', 'Jl.HR.Subrantas No.1681', '', ''),
('PS-009', 'Warno 1', 'Jl.Suka Karya 1', '0813711718751', '0812683900121'),
('PS-008', 'RUTIN BANGUNAN', 'HR.SUBRANTAS - PANAM', '07617072228', '085271329139'),
('PS-007', 'Fortuna / AZIZ', 'Pergudangan Avian', '', ''),
('PS-006', 'BSW', 'Pelabuhan Sungai Duku', '', ''),
('PS-005', 'Bangkit Jaya Abadi', 'Jl Arengka', '', ''),
('PS-004', 'Izen Bata', 'Kulim', '', ''),
('PS-003', 'Atina Jaya', 'Jl.Suka karya Tarai Bangun', '', ''),
('PS-002', 'Sari Bangunan 2', 'Kubang Raya', '07617079469', 'Ujang'),
('PS-012', 'SHJ', 'Harapan Raya', '', ''),
('PS-013', 'Metalon', 'Pergudangan Avian', '', ''),
('PS-014', 'Kharisma Logamindo', 'Jl.Durian Sukajadi Pekanbaru', '', ''),
('PS-015', 'Tirtakencana', 'Komp.Pergudangan Avian', '0761863721', ''),
('PS-016', 'PT.IGASAR', 'JL.HR.SUBRANTAS - PANAM', '', ''),
('PS-017', 'PT.Catur Sentosa Adiprana Tbk', 'Pekanbaru', '', ''),
('PS-018', 'Mitra Utama', 'Pekanbaru', '', ''),
('PS-019', 'Makmur Graha', 'Jl.HR.Subrantas km.10 Pekanbaru', '07617075129', ''),
('PS-020', 'BANGUNAN MEKAR JAYA (BMJ)', 'Pekanbaru', '', ''),
('PS-021', 'Deka', 'Pekanbaru', '', ''),
('PS-022', 'Multi Sarana', 'Pekanbaru', '', ''),
('PS-023', 'Fakta Anugrah Jaya', 'Pekanbaru', '', ''),
('PS-024', 'Sinar Harapan', 'Pekanbaru', '', ''),
('PS-025', 'Jaya Sukses', 'Pekanbaru', '', ''),
('PS-026', 'Rajawali', 'Pekanbaru', '', ''),
('PS-027', 'Aneka Karya Tangguh', 'Pekanbaru', '', ''),
('PS-028', 'Cahaya Fajar Abadi', 'Pekanbaru', '', ''),
('PS-029', 'Bangkit Jaya', 'Jl.Harapan Raya No.86 Pekanbaru', '076146711', '082392049999'),
('PS-030', 'Buana Lingga Mandiri', 'Pekanbaru', '', ''),
('PS-031', 'Mitra Sukses', 'Sigunggung - Pekanbaru', '', ''),
('PS-032', 'SBS (Susan Baby Shop)', 'Jl. Riau - Pekanbaru', '', ''),
('PS-033', 'Lemindo Abadi Jaya', 'Pekanbaru', '', ''),
('PS-034', 'Cap Palu', 'Pekanbaru', '', ''),
('PS-035', 'Bumi Andalas Bangunan', 'Soekarno Hatta Pekanbaru', '', ''),
('PS-036', 'PT.Citra Bina Niaga', 'Pekanbaru', '', ''),
('PS-037', 'Panam Jaya Keramik', 'H.R. Soebranta Km.12 Panam - Pekanbaru', '07617728955', '085271899817'),
('PS-038', 'Sinar Mulia', 'Jl. Riau - Pekanbaru', '', ''),
('PS-039', 'Karya Sumber Rezeki', 'Jl.Mutiara No.1 C Pekanbaru', '085274834188', ''),
('PS-040', 'Toko Kensing', 'Pekanbaru', '', ''),
('PS-041', 'PT. Permata Karya Buana', 'Pekanbaru', '', ''),
('PS-042', 'Putra Riau Pratama', 'Pekanbaru', '', ''),
('PS-043', 'Sika', 'Pekanbaru', '', ''),
('PS-044', 'Wira Nusa Indonesia (WNI)', 'Pekanbaru', '', ''),
('PS-045', 'Federal Jaya Teknik', 'Pekanbaru', '', ''),
('PS-046', 'MJAP', 'Pergudangan Siak 2 No.B5', '', 'Hendra'),
('PS-047', 'PKB', 'Pekanbaru', '', 'Dantes'),
('PS-048', 'Asia Lotur Door', 'Jl. Kulim No.221 A Tampan - Pekanbaru', '081277032230', ''),
('PS-049', 'PJB', 'Pekanbaru', '', ''),
('PS-050', 'OBC/Depo mitra andalan', 'Pergudangan Siak 2 No. B5 Pekanbaru', '', 'Hendra'),
('PS-051', 'ERIKS LES', 'Wisma Kualu Panam', '081378828812', 'Eriks'),
('PS-052', 'Sarana Karya (SK)', 'Pekanbaru', '', ''),
('PS-053', 'Tri Jaya Perkasa', 'Jl.Subrantas KM 15 Panam - Pekanbaru', '', ''),
('PS-054', 'SINAR SUKSES', 'Pekanbaru', '', ''),
('PS-055', 'Sinarindo Jaya Abadi', 'Jl.Jendral Ruko Sejahtera', '085271299975', ''),
('PS-056', 'Agus Batu Krawang', 'Pekanbaru', '085271218807', ''),
('PS-057', 'TRY ONE', 'Pekanbaru', '', ''),
('PS-058', 'KARYA BANGUN SUKSES (KBS)', 'Pekanbaru', '', ''),
('PS-059', 'NAWFAL LISTRIK', 'Pekanbaru', '085365923500', ''),
('PS-060', 'PT.MULFORD INDONESIA', 'Jl.Soekarno Hatta Pergudangan Gajah Mada No.2C Pek', '0761561285', 'Yendri'),
('PS-061', 'Wira Karya Abadi (WKA)', 'Pekanbaru', '081270666441', 'Ivo'),
('PS-062', 'PT.Kredo Keramindo Sejahtera', 'Jl.SM AMIN Komp Pergudangan Angkasa I Blok B no. 1', '07617607234', 'Asnan'),
('PS-063', 'PT.Artha Pekanbaru', 'Jl.Arengka 2 Komp.Pergudangan Avian Blok DD no.12-', '07617872200', '087790035353'),
('PS-064', 'PT.Deli Duta Perkasa', 'Pekanbaru', '', ''),
('PS-065', 'PT.PROPAN RAYA', 'Pekanbaru', '', ''),
('PS-066', 'Sumber Sejahtera Raya', 'Pekanbaru', '', ''),
('PS-067', 'GIAS', 'Pekanbaru', '', ''),
('PS-068', 'Mahkota Sumit', 'Jl. Tambusai no.395 Pekanbaru', '081365448899', ''),
('PS-069', 'CV.VERTICAL KONSTRUKSI INDONES', 'Jl.Soekarno Hatta Arengka I Atas', '081361545011', ''),
('PS-070', 'Sumatera Persada Raya', 'Pekanbaru', '', ''),
('PS-071', 'Bintang Distribusi Indonesia/T', 'Jl.Tuanku Tambusai/Nangka No.500 Pekanbaru', '0761567177', ''),
('PS-072', 'WSA', 'Pekanbaru', '', 'Hartono'),
('PS-073', 'TB ABADI', 'Jl. Subrantas Km 13,5 No. 335 C', '082171238999', ''),
('PS-074', 'PT.Lotus Warna Cemerlang', 'Pekanbaru', '', ''),
('PS-075', 'Panama Jaya', 'Pekanbaru', '', ''),
('PS-076', 'PT.GEMILANG MULIA SENTOSA', 'Air Hitam -  Pekanbaru', '', ''),
('PS-077', 'Harmoni TJ/Tunas Gajahmada', 'Pekanbaru', '', ''),
('PS-078', 'METAL JAYA', 'Jl.Garuda Sakti Km 1 Panam Pekanbaru', '', ''),
('PS-079', 'GARUDA', 'Pekanbaru', '', ''),
('PS-080', 'JOTASINDO PRIMA SENTOSA', 'Air hitam Payung Sekaki Pekanbaru', '', ''),
('PS-081', 'Sumber Rezeki', 'Pekanbaru', '081371436321', ''),
('PS-082', 'KATA PERKASA', 'Pekanbaru', '08228417444', 'Iwan'),
('PS-083', 'Riau Orbit Sejahtera (ROS)', 'Pekanbaru', '081371600780', 'Osman'),
('PS-084', 'PT.MAGNA HARDWARE', 'Jl. Lautze no. 60 B Jakarta Pusat Jakarta', '0213523355', 'Beny 082275035959'),
('PS-085', 'BINTANG TIMUR', 'Jl. Imam Munandar Pekanbaru', '', 'Yandra'),
('PS-086', 'PT. ASINLI SUMBER BARU', 'Pekanbaru', '', ''),
('PS-087', 'MITRA KARYA', 'Gudang Platinum Air Hitam', '081396756181', 'Tomi'),
('PS-088', 'Cahaya Araminta', 'Perkantoran Ring Road Jl.SM.Amin no.2 ABC Pekanbar', '07616703555', ''),
('PS-089', 'Mura Maha Agung', 'Pekanbaru', '', ''),
('PS-090', 'TRIJAYA RIAU MANDIRI', 'Pergudangan Angkasa 2 Blok G1 Garuda Sakti km 3 Pe', '082384238428', 'Titi'),
('PS-091', 'Kawan Kita', 'Pekanbaru', '', ''),
('PS-092', 'Cahaya Abadi Sukses', 'Pekanbaru', '085271191500', 'Ronal'),
('PS-093', 'Semen Merah Putih/Adika Makmur', 'Pekanbaru', '', ''),
('PS-094', 'Panam Sentral Keramik', 'Pekanbaru', '085264381770', ''),
('PS-095', 'Abdi Karya Abadi', 'Pekanbaru', '', ''),
('PS-096', 'EMPORIUM TEKNIK', 'Jl.Juanda Pekanbar', '', 'Alfon'),
('PS-097', 'CV.DUMAI KARYA MANDIRI', 'Jl.Fajar Labuh Baru Barat Pekanbaru', '081267883058', ''),
('PS-098', 'Mitra Abadi Sentosa', 'Pekanbaru', '', ''),
('PS-099', 'Sukses Kencana Abadi', 'Jl. Sidorukun no.03 Pekanbaru - RIAU', '085323236688', ''),
('PS-100', 'Anugrah Manggala Jaya', 'Pergudangan Avian Blok GG 12 B Jl.Siak II Pekanbar', '07618441682', ''),
('PS-101', 'Bintang Rezeki Maju (BRM)', 'Pekanbaru', '', ''),
('PS-102', 'Multi Sanjaya', 'Pekanbaru', '', ''),
('PS-103', 'Riau Jaya Maju (RJM)', 'Pekanbaru', '', 'Iram'),
('PS-104', 'CAHAYA ANUGRAH TERMUDA', 'Pekanbaru', '081318812539', ''),
('PS-105', 'PT.Asian Paints Indonesia', 'Pergudangan Platinum Block C-25 Air Hitam Tampan P', '', ''),
('PS-106', 'King Jaya Granindo', 'Pekanbaru', '', 'Rita'),
('PS-107', 'Setia Kawan Keramik (SKK)', 'Gudang Angkasa Pekanbaru', '', ''),
('PS-108', 'LOGO JAYA', 'Pekanbaru', '', ''),
('PS-109', 'Makmur Jaya', 'Pekanbaru', '0000', 'adnin'),
('PS-110', 'BENHUR PRIMA SEJAHTERA', 'Jl. Garuda Sakti Pergudangan Angkasa II Blok K Pek', '082283356877', 'TDY'),
('PS-111', 'Riau Perkasa Mandiri (RPM)', 'Jl. Pemuda Ujung Kompl.Platinum Regency No. 69 Pek', '082392028068', '082392028068');

-- --------------------------------------------------------

--
-- Table structure for table `transaksi_pelangaran`
--

CREATE TABLE `transaksi_pelangaran` (
  `id_trans_pelangaran` int(11) NOT NULL,
  `id_guru` int(11) NOT NULL,
  `id_siswa` int(11) NOT NULL,
  `id_pelangaran` int(11) NOT NULL,
  `date_create` date NOT NULL
) ENGINE=InnoDB DEFAULT CHARSET=utf8mb4;

--
-- Dumping data for table `transaksi_pelangaran`
--

INSERT INTO `transaksi_pelangaran` (`id_trans_pelangaran`, `id_guru`, `id_siswa`, `id_pelangaran`, `date_create`) VALUES
(1, 1, 1, 1, '2022-06-21'),
(7, 1, 2, 1, '2022-06-21'),
(8, 1, 1, 2, '2022-06-21'),
(9, 1, 1, 2, '2022-07-25'),
(10, 1, 1, 2, '2022-07-25'),
(11, 1, 1, 2, '2022-07-25');

-- --------------------------------------------------------

--
-- Table structure for table `user`
--

CREATE TABLE `user` (
  `id` int(11) NOT NULL,
  `name` varchar(128) NOT NULL,
  `email` varchar(128) NOT NULL,
  `image` varchar(128) NOT NULL,
  `password` varchar(256) NOT NULL,
  `role_id` int(11) NOT NULL,
  `is_active` int(1) NOT NULL,
  `date_created` int(11) NOT NULL,
  `id_pegawai` varchar(20) NOT NULL
) ENGINE=InnoDB DEFAULT CHARSET=utf8;

--
-- Dumping data for table `user`
--

INSERT INTO `user` (`id`, `name`, `email`, `image`, `password`, `role_id`, `is_active`, `date_created`, `id_pegawai`) VALUES
(12, 'admingraha', 'admingraha', 'default.jpg', '$2y$10$NwpU5an0YlY3Uw0AUGCMXu31EuUcgPRqJmCaON7HIKvCP7HkauFWK', 1, 1, 1660051020, 'PEG-001'),
(16, 'Kasirgraha', 'Kasirgraha', 'default.jpg', '$2y$10$TCWoqi/TpB8OwugXO4k7wOcx/UOQLWu07Ps5n1zQuLcYbsHWtqnYW', 2, 1, 1661221953, 'PEG-002');

-- --------------------------------------------------------

--
-- Table structure for table `user_access_menu`
--

CREATE TABLE `user_access_menu` (
  `id` int(11) NOT NULL,
  `role_id` int(11) NOT NULL,
  `menu_id` int(11) NOT NULL
) ENGINE=InnoDB DEFAULT CHARSET=utf8;

--
-- Dumping data for table `user_access_menu`
--

INSERT INTO `user_access_menu` (`id`, `role_id`, `menu_id`) VALUES
(1, 1, 1),
(3, 2, 2),
(7, 1, 3),
(8, 1, 2),
(10, 2, 5),
(13, 1, 5),
(15, 1, 14);

-- --------------------------------------------------------

--
-- Table structure for table `user_menu`
--

CREATE TABLE `user_menu` (
  `id` int(11) NOT NULL,
  `menu` varchar(128) NOT NULL
) ENGINE=InnoDB DEFAULT CHARSET=utf8;

--
-- Dumping data for table `user_menu`
--

INSERT INTO `user_menu` (`id`, `menu`) VALUES
(1, 'Admin'),
(2, 'User'),
(3, 'Menu'),
(5, 'Data Master'),
(13, 'Testing'),
(14, 'Transaksi');

-- --------------------------------------------------------

--
-- Table structure for table `user_role`
--

CREATE TABLE `user_role` (
  `id` int(11) NOT NULL,
  `role` varchar(128) NOT NULL
) ENGINE=InnoDB DEFAULT CHARSET=utf8;

--
-- Dumping data for table `user_role`
--

INSERT INTO `user_role` (`id`, `role`) VALUES
(1, 'Administrator'),
(2, 'Kasir');

-- --------------------------------------------------------

--
-- Table structure for table `user_sub_menu`
--

CREATE TABLE `user_sub_menu` (
  `id` int(11) NOT NULL,
  `menu_id` int(11) NOT NULL,
  `title` varchar(128) NOT NULL,
  `url` varchar(128) NOT NULL,
  `icon` varchar(128) NOT NULL,
  `is_active` int(1) NOT NULL
) ENGINE=InnoDB DEFAULT CHARSET=utf8;

--
-- Dumping data for table `user_sub_menu`
--

INSERT INTO `user_sub_menu` (`id`, `menu_id`, `title`, `url`, `icon`, `is_active`) VALUES
(1, 1, 'Dashboard', 'admin', 'fas fa-fw fa-tachometer-alt', 1),
(2, 2, 'My Profile', 'user', 'fas fa-fw fa-user', 1),
(3, 2, 'Edit Profile', 'user/edit', 'fas fa-fw fa-user-edit', 1),
(4, 3, 'Menu Management', 'menu', 'fas fa-fw fa-folder', 1),
(5, 3, 'Submenu Management', 'menu/submenu', 'fas fa-fw fa-folder-open', 1),
(7, 1, 'Role', 'admin/role', 'fas fa-fw fa-user-tie', 1),
(8, 2, 'Change Password', 'user/changepassword', 'fas fa-fw fa-key', 1),
(12, 5, 'Barang', 'data', 'fas fa-fw fa-boxes', 1),
(16, 5, 'Kategori', 'data/kategori', 'fas fa-fw fa-list', 1),
(17, 5, 'Suppiler', 'data/suppiler', 'fas fa-fw fa-list', 1),
(18, 5, 'Konsumen', 'data/konsumen', 'fas fa-fw fa-list', 1),
(19, 5, 'Pegawai', 'data/pegawai', 'fas fa-fw fa-list', 1),
(20, 13, 'Push Array', 'testing', 'fas fa-fw-fa-list', 1),
(21, 14, 'Pembelian', 'transaksi', 'fas fa-fw-fa-list', 1);

-- --------------------------------------------------------

--
-- Table structure for table `user_token`
--

CREATE TABLE `user_token` (
  `id` int(11) NOT NULL,
  `email` varchar(128) NOT NULL,
  `token` varchar(128) NOT NULL,
  `date_created` int(11) NOT NULL
) ENGINE=InnoDB DEFAULT CHARSET=utf8;

--
-- Dumping data for table `user_token`
--

INSERT INTO `user_token` (`id`, `email`, `token`, `date_created`) VALUES
(9, 'admin@admin.com', '1Dnvr01Fcz1DOAO+CZ8hU43gHync9LHAkZd++MxQY5U=', 1660051020);

--
-- Indexes for dumped tables
--

--
-- Indexes for table `barang`
--
ALTER TABLE `barang`
  ADD PRIMARY KEY (`idbarang`);

--
-- Indexes for table `data_guru`
--
ALTER TABLE `data_guru`
  ADD PRIMARY KEY (`id_guru`);

--
-- Indexes for table `data_kelas`
--
ALTER TABLE `data_kelas`
  ADD PRIMARY KEY (`id_kelas`);

--
-- Indexes for table `data_pelangaran`
--
ALTER TABLE `data_pelangaran`
  ADD PRIMARY KEY (`id_pelangaran`);

--
-- Indexes for table `data_siswa`
--
ALTER TABLE `data_siswa`
  ADD PRIMARY KEY (`id_siswa`);

--
-- Indexes for table `kategori`
--
ALTER TABLE `kategori`
  ADD PRIMARY KEY (`idkategori`);

--
-- Indexes for table `konsumen`
--
ALTER TABLE `konsumen`
  ADD PRIMARY KEY (`idpelanggan`);

--
-- Indexes for table `supplier`
--
ALTER TABLE `supplier`
  ADD PRIMARY KEY (`idsupplier`);

--
-- Indexes for table `transaksi_pelangaran`
--
ALTER TABLE `transaksi_pelangaran`
  ADD PRIMARY KEY (`id_trans_pelangaran`);

--
-- Indexes for table `user`
--
ALTER TABLE `user`
  ADD PRIMARY KEY (`id`);

--
-- Indexes for table `user_access_menu`
--
ALTER TABLE `user_access_menu`
  ADD PRIMARY KEY (`id`);

--
-- Indexes for table `user_menu`
--
ALTER TABLE `user_menu`
  ADD PRIMARY KEY (`id`);

--
-- Indexes for table `user_role`
--
ALTER TABLE `user_role`
  ADD PRIMARY KEY (`id`);

--
-- Indexes for table `user_sub_menu`
--
ALTER TABLE `user_sub_menu`
  ADD PRIMARY KEY (`id`);

--
-- Indexes for table `user_token`
--
ALTER TABLE `user_token`
  ADD PRIMARY KEY (`id`);

--
-- AUTO_INCREMENT for dumped tables
--

--
-- AUTO_INCREMENT for table `data_guru`
--
ALTER TABLE `data_guru`
  MODIFY `id_guru` int(11) NOT NULL AUTO_INCREMENT, AUTO_INCREMENT=2;

--
-- AUTO_INCREMENT for table `data_kelas`
--
ALTER TABLE `data_kelas`
  MODIFY `id_kelas` int(11) NOT NULL AUTO_INCREMENT, AUTO_INCREMENT=6;

--
-- AUTO_INCREMENT for table `data_pelangaran`
--
ALTER TABLE `data_pelangaran`
  MODIFY `id_pelangaran` int(11) NOT NULL AUTO_INCREMENT, AUTO_INCREMENT=4;

--
-- AUTO_INCREMENT for table `data_siswa`
--
ALTER TABLE `data_siswa`
  MODIFY `id_siswa` int(11) NOT NULL AUTO_INCREMENT, AUTO_INCREMENT=18;

--
-- AUTO_INCREMENT for table `kategori`
--
ALTER TABLE `kategori`
  MODIFY `idkategori` int(3) NOT NULL AUTO_INCREMENT, AUTO_INCREMENT=37;

--
-- AUTO_INCREMENT for table `transaksi_pelangaran`
--
ALTER TABLE `transaksi_pelangaran`
  MODIFY `id_trans_pelangaran` int(11) NOT NULL AUTO_INCREMENT, AUTO_INCREMENT=12;

--
-- AUTO_INCREMENT for table `user`
--
ALTER TABLE `user`
  MODIFY `id` int(11) NOT NULL AUTO_INCREMENT, AUTO_INCREMENT=17;

--
-- AUTO_INCREMENT for table `user_access_menu`
--
ALTER TABLE `user_access_menu`
  MODIFY `id` int(11) NOT NULL AUTO_INCREMENT, AUTO_INCREMENT=17;

--
-- AUTO_INCREMENT for table `user_menu`
--
ALTER TABLE `user_menu`
  MODIFY `id` int(11) NOT NULL AUTO_INCREMENT, AUTO_INCREMENT=15;

--
-- AUTO_INCREMENT for table `user_role`
--
ALTER TABLE `user_role`
  MODIFY `id` int(11) NOT NULL AUTO_INCREMENT, AUTO_INCREMENT=3;

--
-- AUTO_INCREMENT for table `user_sub_menu`
--
ALTER TABLE `user_sub_menu`
  MODIFY `id` int(11) NOT NULL AUTO_INCREMENT, AUTO_INCREMENT=22;

--
-- AUTO_INCREMENT for table `user_token`
--
ALTER TABLE `user_token`
  MODIFY `id` int(11) NOT NULL AUTO_INCREMENT, AUTO_INCREMENT=10;
COMMIT;

/*!40101 SET CHARACTER_SET_CLIENT=@OLD_CHARACTER_SET_CLIENT */;
/*!40101 SET CHARACTER_SET_RESULTS=@OLD_CHARACTER_SET_RESULTS */;
/*!40101 SET COLLATION_CONNECTION=@OLD_COLLATION_CONNECTION */;
